Jurisdiction,Value,Race/ ethnicity,Year,Measure
State,32.6,All races/ ethnicities (aggregated),2017,Weight
Allegany,32.5,All races/ ethnicities (aggregated),2017,Weight
Anne Arundel,34.9,All races/ ethnicities (aggregated),2017,Weight
Baltimore City,30.3,All races/ ethnicities (aggregated),2017,Weight
Baltimore County,31.9,All races/ ethnicities (aggregated),2017,Weight
Calvert,37.4,All races/ ethnicities (aggregated),2017,Weight
Caroline,29.9,All races/ ethnicities (aggregated),2017,Weight
Carroll,30.0,All races/ ethnicities (aggregated),2017,Weight
Cecil,31.3,All races/ ethnicities (aggregated),2017,Weight
Charles,27.5,All races/ ethnicities (aggregated),2017,Weight
Dorchester,27.6,All races/ ethnicities (aggregated),2017,Weight
Frederick,32.9,All races/ ethnicities (aggregated),2017,Weight
Garrett,29.3,All races/ ethnicities (aggregated),2017,Weight
Harford,36.8,All races/ ethnicities (aggregated),2017,Weight
Howard,35.2,All races/ ethnicities (aggregated),2017,Weight
Kent,42.3,All races/ ethnicities (aggregated),2017,Weight
Montgomery,41.4,All races/ ethnicities (aggregated),2017,Weight
Prince George's,24.6,All races/ ethnicities (aggregated),2017,Weight
Queen Anne's,27.7,All races/ ethnicities (aggregated),2017,Weight
Saint Mary's,25.4,All races/ ethnicities (aggregated),2017,Weight
Talbot,32.4,All races/ ethnicities (aggregated),2017,Weight
Washington,27.9,All races/ ethnicities (aggregated),2017,Weight
Wicomico,29.0,All races/ ethnicities (aggregated),2017,Weight
Worcester,34.2,All races/ ethnicities (aggregated),2017,Weight
Anne Arundel,25.8,Black Non-Hispanic,2017,Weight
Baltimore City,22.3,Black Non-Hispanic,2017,Weight
Baltimore County,24.2,Black Non-Hispanic,2017,Weight
Charles,23.7,Black Non-Hispanic,2017,Weight
Dorchester,27.7,Black Non-Hispanic,2017,Weight
Montgomery,34.5,Black Non-Hispanic,2017,Weight
Prince George's,20.8,Black Non-Hispanic,2017,Weight
Montgomery,28.2,Hispanic,2017,Weight
Prince George's,25.2,Hispanic,2017,Weight
Allegany,32.2,White Non-Hispanic,2017,Weight
Anne Arundel,35.5,White Non-Hispanic,2017,Weight
Baltimore City,41.7,White Non-Hispanic,2017,Weight
Baltimore County,33.0,White Non-Hispanic,2017,Weight
Calvert,34.2,White Non-Hispanic,2017,Weight
Caroline,27.1,White Non-Hispanic,2017,Weight
Carroll,33.1,White Non-Hispanic,2017,Weight
Cecil,29.6,White Non-Hispanic,2017,Weight
Charles,27.5,White Non-Hispanic,2017,Weight
Dorchester,29.1,White Non-Hispanic,2017,Weight
Frederick,33.0,White Non-Hispanic,2017,Weight
Garrett,29.1,White Non-Hispanic,2017,Weight
Harford,38.0,White Non-Hispanic,2017,Weight
Howard,32.3,White Non-Hispanic,2017,Weight
Kent,45.1,White Non-Hispanic,2017,Weight
Montgomery,41.5,White Non-Hispanic,2017,Weight
Prince George's,32.1,White Non-Hispanic,2017,Weight
Queen Anne's,28.6,White Non-Hispanic,2017,Weight
Saint Mary's,25.2,White Non-Hispanic,2017,Weight
Talbot,34.6,White Non-Hispanic,2017,Weight
Washington,28.0,White Non-Hispanic,2017,Weight
Wicomico,30.3,White Non-Hispanic,2017,Weight
Worcester,35.4,White Non-Hispanic,2017,Weight
Baltimore County,56.2,Asian Non-Hispanic,2017,Weight
Howard,55.9,Asian Non-Hispanic,2017,Weight
Montgomery,57.9,Asian Non-Hispanic,2017,Weight
State,35.4,All races/ ethnicities (aggregated),2016,Weight
Allegany,29.6,All races/ ethnicities (aggregated),2016,Weight
Anne Arundel,31.7,All races/ ethnicities (aggregated),2016,Weight
Baltimore City,33.5,All races/ ethnicities (aggregated),2016,Weight
Baltimore County,36.5,All races/ ethnicities (aggregated),2016,Weight
Calvert,30.7,All races/ ethnicities (aggregated),2016,Weight
Caroline,26.0,All races/ ethnicities (aggregated),2016,Weight
Carroll,37.7,All races/ ethnicities (aggregated),2016,Weight
Cecil,26.8,All races/ ethnicities (aggregated),2016,Weight
Charles,26.7,All races/ ethnicities (aggregated),2016,Weight
Dorchester,28.6,All races/ ethnicities (aggregated),2016,Weight
Frederick,39.2,All races/ ethnicities (aggregated),2016,Weight
Garrett,27.6,All races/ ethnicities (aggregated),2016,Weight
Harford,36.8,All races/ ethnicities (aggregated),2016,Weight
Howard,45.7,All races/ ethnicities (aggregated),2016,Weight
Kent,39.9,All races/ ethnicities (aggregated),2016,Weight
Montgomery,43.5,All races/ ethnicities (aggregated),2016,Weight
Prince George's,30.3,All races/ ethnicities (aggregated),2016,Weight
Queen Anne's,34.1,All races/ ethnicities (aggregated),2016,Weight
Saint Mary's,27.8,All races/ ethnicities (aggregated),2016,Weight
Somerset,23.7,All races/ ethnicities (aggregated),2016,Weight
Talbot,32.5,All races/ ethnicities (aggregated),2016,Weight
Washington,31.5,All races/ ethnicities (aggregated),2016,Weight
Wicomico,33.7,All races/ ethnicities (aggregated),2016,Weight
Worcester,30.9,All races/ ethnicities (aggregated),2016,Weight
State,28.2,Black Non-Hispanic,2016,Weight
Anne Arundel,31.1,Black Non-Hispanic,2016,Weight
Baltimore City,29.0,Black Non-Hispanic,2016,Weight
Baltimore County,31.2,Black Non-Hispanic,2016,Weight
Charles,28.7,Black Non-Hispanic,2016,Weight
Dorchester,25.1,Black Non-Hispanic,2016,Weight
Frederick,34.9,Black Non-Hispanic,2016,Weight
Howard,35.9,Black Non-Hispanic,2016,Weight
Montgomery,32.2,Black Non-Hispanic,2016,Weight
Prince George's,25.8,Black Non-Hispanic,2016,Weight
Wicomico,26.6,Black Non-Hispanic,2016,Weight
State,33.2,Hispanic,2016,Weight
Montgomery,34.9,Hispanic,2016,Weight
Prince George's,33.2,Hispanic,2016,Weight
State,36.4,White Non-Hispanic,2016,Weight
Allegany,29.4,White Non-Hispanic,2016,Weight
Anne Arundel,30.4,White Non-Hispanic,2016,Weight
Baltimore City,41.3,White Non-Hispanic,2016,Weight
Baltimore County,36.2,White Non-Hispanic,2016,Weight
Calvert,31.9,White Non-Hispanic,2016,Weight
Caroline,28.8,White Non-Hispanic,2016,Weight
Carroll,38.0,White Non-Hispanic,2016,Weight
Cecil,25.1,White Non-Hispanic,2016,Weight
Charles,25.4,White Non-Hispanic,2016,Weight
Dorchester,29.7,White Non-Hispanic,2016,Weight
Frederick,39.0,White Non-Hispanic,2016,Weight
Garrett,27.0,White Non-Hispanic,2016,Weight
Harford,39.7,White Non-Hispanic,2016,Weight
Howard,45.2,White Non-Hispanic,2016,Weight
Kent,39.3,White Non-Hispanic,2016,Weight
Montgomery,43.1,White Non-Hispanic,2016,Weight
Prince George's,37.9,White Non-Hispanic,2016,Weight
Queen Anne's,33.0,White Non-Hispanic,2016,Weight
Saint Mary's,29.1,White Non-Hispanic,2016,Weight
Somerset,28.9,White Non-Hispanic,2016,Weight
Talbot,34.4,White Non-Hispanic,2016,Weight
Washington,31.1,White Non-Hispanic,2016,Weight
Wicomico,35.4,White Non-Hispanic,2016,Weight
Worcester,35.5,White Non-Hispanic,2016,Weight
State,62.3,Asian Non-Hispanic,2016,Weight
Howard,58.7,Asian Non-Hispanic,2016,Weight
Montgomery,67.0,Asian Non-Hispanic,2016,Weight
State,35.0,All races/ ethnicities (aggregated),2015,Weight
Allegany,27.2,All races/ ethnicities (aggregated),2015,Weight
Anne Arundel,36.2,All races/ ethnicities (aggregated),2015,Weight
Baltimore City,30.9,All races/ ethnicities (aggregated),2015,Weight
Baltimore County,31.0,All races/ ethnicities (aggregated),2015,Weight
Calvert,22.8,All races/ ethnicities (aggregated),2015,Weight
Caroline,21.2,All races/ ethnicities (aggregated),2015,Weight
Carroll,31.7,All races/ ethnicities (aggregated),2015,Weight
Cecil,44.4,All races/ ethnicities (aggregated),2015,Weight
Charles,23.1,All races/ ethnicities (aggregated),2015,Weight
Dorchester,25.6,All races/ ethnicities (aggregated),2015,Weight
Frederick,39.1,All races/ ethnicities (aggregated),2015,Weight
Garrett,38.9,All races/ ethnicities (aggregated),2015,Weight
Harford,27.7,All races/ ethnicities (aggregated),2015,Weight
Howard,32.8,All races/ ethnicities (aggregated),2015,Weight
Kent,27.2,All races/ ethnicities (aggregated),2015,Weight
Montgomery,47.1,All races/ ethnicities (aggregated),2015,Weight
Prince George's,34.4,All races/ ethnicities (aggregated),2015,Weight
Queen Anne's,32.9,All races/ ethnicities (aggregated),2015,Weight
Saint Mary's,31.3,All races/ ethnicities (aggregated),2015,Weight
Somerset,31.2,All races/ ethnicities (aggregated),2015,Weight
Talbot,40.8,All races/ ethnicities (aggregated),2015,Weight
Washington,31.6,All races/ ethnicities (aggregated),2015,Weight
Wicomico,34.5,All races/ ethnicities (aggregated),2015,Weight
Worcester,40.4,All races/ ethnicities (aggregated),2015,Weight
State,27.6,Black Non-Hispanic,2015,Weight
Anne Arundel,28.8,Black Non-Hispanic,2015,Weight
Baltimore City,22.0,Black Non-Hispanic,2015,Weight
Baltimore County,24.0,Black Non-Hispanic,2015,Weight
Charles,25.6,Black Non-Hispanic,2015,Weight
Montgomery,43.0,Black Non-Hispanic,2015,Weight
Prince George's,31.8,Black Non-Hispanic,2015,Weight
State,36.8,Hispanic,2015,Weight
Montgomery,49.7,Hispanic,2015,Weight
State,35.9,White Non-Hispanic,2015,Weight
Allegany,29.2,White Non-Hispanic,2015,Weight
Anne Arundel,37.6,White Non-Hispanic,2015,Weight
Baltimore City,41.9,White Non-Hispanic,2015,Weight
Baltimore County,33.0,White Non-Hispanic,2015,Weight
Calvert,20.2,White Non-Hispanic,2015,Weight
Caroline,24.3,White Non-Hispanic,2015,Weight
Carroll,31.5,White Non-Hispanic,2015,Weight
Cecil,47.9,White Non-Hispanic,2015,Weight
Charles,20.6,White Non-Hispanic,2015,Weight
Dorchester,32.5,White Non-Hispanic,2015,Weight
Frederick,43.2,White Non-Hispanic,2015,Weight
Garrett,32.3,White Non-Hispanic,2015,Weight
Harford,27.5,White Non-Hispanic,2015,Weight
Howard,29.9,White Non-Hispanic,2015,Weight
Kent,34.7,White Non-Hispanic,2015,Weight
Montgomery,43.2,White Non-Hispanic,2015,Weight
Prince George's,44.1,White Non-Hispanic,2015,Weight
Queen Anne's,35.8,White Non-Hispanic,2015,Weight
Saint Mary's,36.7,White Non-Hispanic,2015,Weight
Somerset,25.0,White Non-Hispanic,2015,Weight
Talbot,41.3,White Non-Hispanic,2015,Weight
Washington,33.2,White Non-Hispanic,2015,Weight
Wicomico,30.2,White Non-Hispanic,2015,Weight
Worcester,39.8,White Non-Hispanic,2015,Weight
State,56.3,Asian Non-Hispanic,2015,Weight
Montgomery,61.2,Asian Non-Hispanic,2015,Weight
State,35.1,All races/ ethnicities (aggregated),2014,Weight
Allegany,31.3,All races/ ethnicities (aggregated),2014,Weight
Anne Arundel,29.5,All races/ ethnicities (aggregated),2014,Weight
Baltimore City,35.5,All races/ ethnicities (aggregated),2014,Weight
Baltimore County,35.4,All races/ ethnicities (aggregated),2014,Weight
Calvert,32.9,All races/ ethnicities (aggregated),2014,Weight
Caroline,33.2,All races/ ethnicities (aggregated),2014,Weight
Carroll,30.7,All races/ ethnicities (aggregated),2014,Weight
Cecil,33.6,All races/ ethnicities (aggregated),2014,Weight
Charles,30.6,All races/ ethnicities (aggregated),2014,Weight
Dorchester,18.0,All races/ ethnicities (aggregated),2014,Weight
Frederick,32.0,All races/ ethnicities (aggregated),2014,Weight
Garrett,27.3,All races/ ethnicities (aggregated),2014,Weight
Harford,40.6,All races/ ethnicities (aggregated),2014,Weight
Howard,36.7,All races/ ethnicities (aggregated),2014,Weight
Kent,34.9,All races/ ethnicities (aggregated),2014,Weight
Montgomery,42.6,All races/ ethnicities (aggregated),2014,Weight
Prince George's,31.7,All races/ ethnicities (aggregated),2014,Weight
Queen Anne's,33.9,All races/ ethnicities (aggregated),2014,Weight
Saint Mary's,30.9,All races/ ethnicities (aggregated),2014,Weight
Somerset,20.2,All races/ ethnicities (aggregated),2014,Weight
Talbot,33.8,All races/ ethnicities (aggregated),2014,Weight
Washington,42.2,All races/ ethnicities (aggregated),2014,Weight
Wicomico,31.3,All races/ ethnicities (aggregated),2014,Weight
Worcester,36.2,All races/ ethnicities (aggregated),2014,Weight
State,26.1,Black Non-Hispanic,2014,Weight
Anne Arundel,18.5,Black Non-Hispanic,2014,Weight
Baltimore City,31.4,Black Non-Hispanic,2014,Weight
Baltimore County,23.8,Black Non-Hispanic,2014,Weight
Charles,25.5,Black Non-Hispanic,2014,Weight
Howard,15.8,Black Non-Hispanic,2014,Weight
Montgomery,32.1,Black Non-Hispanic,2014,Weight
Prince George's,25.1,Black Non-Hispanic,2014,Weight
Wicomico,16.8,Black Non-Hispanic,2014,Weight
State,31.2,Hispanic,2014,Weight
Montgomery,23.5,Hispanic,2014,Weight
Prince George's,44.6,Hispanic,2014,Weight
State,37.3,White Non-Hispanic,2014,Weight
Allegany,33.9,White Non-Hispanic,2014,Weight
Anne Arundel,33.3,White Non-Hispanic,2014,Weight
Baltimore City,41.7,White Non-Hispanic,2014,Weight
Baltimore County,37.0,White Non-Hispanic,2014,Weight
Calvert,33.9,White Non-Hispanic,2014,Weight
Caroline,31.4,White Non-Hispanic,2014,Weight
Carroll,27.5,White Non-Hispanic,2014,Weight
Cecil,33.3,White Non-Hispanic,2014,Weight
Charles,34.1,White Non-Hispanic,2014,Weight
Dorchester,18.9,White Non-Hispanic,2014,Weight
Frederick,31.5,White Non-Hispanic,2014,Weight
Garrett,24.3,White Non-Hispanic,2014,Weight
Harford,46.5,White Non-Hispanic,2014,Weight
Howard,38.8,White Non-Hispanic,2014,Weight
Kent,34.0,White Non-Hispanic,2014,Weight
Montgomery,44.5,White Non-Hispanic,2014,Weight
Prince George's,33.4,White Non-Hispanic,2014,Weight
Queen Anne's,34.7,White Non-Hispanic,2014,Weight
Saint Mary's,33.3,White Non-Hispanic,2014,Weight
Somerset,26.8,White Non-Hispanic,2014,Weight
Talbot,38.9,White Non-Hispanic,2014,Weight
Washington,40.7,White Non-Hispanic,2014,Weight
Wicomico,41.8,White Non-Hispanic,2014,Weight
Worcester,39.7,White Non-Hispanic,2014,Weight
State,60.7,Asian Non-Hispanic,2014,Weight
Montgomery,63.3,Asian Non-Hispanic,2014,Weight
State,35.8,All races/ ethnicities (aggregated),2013,Weight
Allegany,29.1,All races/ ethnicities (aggregated),2013,Weight
Anne Arundel,36.8,All races/ ethnicities (aggregated),2013,Weight
Baltimore City,35.0,All races/ ethnicities (aggregated),2013,Weight
Baltimore County,33.3,All races/ ethnicities (aggregated),2013,Weight
Calvert,31.6,All races/ ethnicities (aggregated),2013,Weight
Caroline,30.3,All races/ ethnicities (aggregated),2013,Weight
Carroll,38.5,All races/ ethnicities (aggregated),2013,Weight
Cecil,31.6,All races/ ethnicities (aggregated),2013,Weight
Charles,27.9,All races/ ethnicities (aggregated),2013,Weight
Dorchester,32.0,All races/ ethnicities (aggregated),2013,Weight
Frederick,39.2,All races/ ethnicities (aggregated),2013,Weight
Garrett,40.2,All races/ ethnicities (aggregated),2013,Weight
Harford,35.3,All races/ ethnicities (aggregated),2013,Weight
Howard,39.8,All races/ ethnicities (aggregated),2013,Weight
Kent,26.7,All races/ ethnicities (aggregated),2013,Weight
Montgomery,44.2,All races/ ethnicities (aggregated),2013,Weight
Prince George's,32.4,All races/ ethnicities (aggregated),2013,Weight
Queen Anne's,40.3,All races/ ethnicities (aggregated),2013,Weight
Saint Mary's,32.7,All races/ ethnicities (aggregated),2013,Weight
Somerset,22.8,All races/ ethnicities (aggregated),2013,Weight
Talbot,34.8,All races/ ethnicities (aggregated),2013,Weight
Washington,27.9,All races/ ethnicities (aggregated),2013,Weight
Wicomico,30.9,All races/ ethnicities (aggregated),2013,Weight
Worcester,27.5,All races/ ethnicities (aggregated),2013,Weight
State,29.0,Black Non-Hispanic,2013,Weight
Anne Arundel,37.6,Black Non-Hispanic,2013,Weight
Baltimore City,29.4,Black Non-Hispanic,2013,Weight
Baltimore County,23.8,Black Non-Hispanic,2013,Weight
Charles,30.4,Black Non-Hispanic,2013,Weight
Dorchester,19.2,Black Non-Hispanic,2013,Weight
Harford,35.5,Black Non-Hispanic,2013,Weight
Howard,7.3,Black Non-Hispanic,2013,Weight
Montgomery,30.2,Black Non-Hispanic,2013,Weight
Prince George's,31.1,Black Non-Hispanic,2013,Weight
Wicomico,23.5,Black Non-Hispanic,2013,Weight
State,32.6,Hispanic,2013,Weight
Montgomery,38.7,Hispanic,2013,Weight
Prince George's,19.4,Hispanic,2013,Weight
State,37.6,White Non-Hispanic,2013,Weight
Allegany,29.6,White Non-Hispanic,2013,Weight
Anne Arundel,33.4,White Non-Hispanic,2013,Weight
Baltimore City,45.7,White Non-Hispanic,2013,Weight
Baltimore County,34.3,White Non-Hispanic,2013,Weight
Calvert,32.9,White Non-Hispanic,2013,Weight
Caroline,25.9,White Non-Hispanic,2013,Weight
Carroll,41.1,White Non-Hispanic,2013,Weight
Cecil,32.0,White Non-Hispanic,2013,Weight
Charles,25.8,White Non-Hispanic,2013,Weight
Dorchester,34.2,White Non-Hispanic,2013,Weight
Frederick,38.1,White Non-Hispanic,2013,Weight
Garrett,37.4,White Non-Hispanic,2013,Weight
Harford,35.5,White Non-Hispanic,2013,Weight
Howard,45.9,White Non-Hispanic,2013,Weight
Kent,30.7,White Non-Hispanic,2013,Weight
Montgomery,46.6,White Non-Hispanic,2013,Weight
Prince George's,41.0,White Non-Hispanic,2013,Weight
Queen Anne's,42.3,White Non-Hispanic,2013,Weight
Saint Mary's,37.3,White Non-Hispanic,2013,Weight
Somerset,25.0,White Non-Hispanic,2013,Weight
Talbot,32.4,White Non-Hispanic,2013,Weight
Washington,28.5,White Non-Hispanic,2013,Weight
Wicomico,34.0,White Non-Hispanic,2013,Weight
Worcester,30.3,White Non-Hispanic,2013,Weight
State,57.6,Asian Non-Hispanic,2013,Weight
Montgomery,59.1,Asian Non-Hispanic,2013,Weight
State,36.2,All races/ ethnicities (aggregated),2012,Weight
Allegany,34.6,All races/ ethnicities (aggregated),2012,Weight
Anne Arundel,36.3,All races/ ethnicities (aggregated),2012,Weight
Baltimore City,39.7,All races/ ethnicities (aggregated),2012,Weight
Baltimore County,37.0,All races/ ethnicities (aggregated),2012,Weight
Calvert,38.7,All races/ ethnicities (aggregated),2012,Weight
Caroline,24.8,All races/ ethnicities (aggregated),2012,Weight
Carroll,29.4,All races/ ethnicities (aggregated),2012,Weight
Cecil,29.7,All races/ ethnicities (aggregated),2012,Weight
Charles,27.8,All races/ ethnicities (aggregated),2012,Weight
Dorchester,33.0,All races/ ethnicities (aggregated),2012,Weight
Frederick,38.5,All races/ ethnicities (aggregated),2012,Weight
Garrett,41.9,All races/ ethnicities (aggregated),2012,Weight
Harford,28.4,All races/ ethnicities (aggregated),2012,Weight
Howard,40.3,All races/ ethnicities (aggregated),2012,Weight
Kent,36.2,All races/ ethnicities (aggregated),2012,Weight
Montgomery,44.9,All races/ ethnicities (aggregated),2012,Weight
Prince George's,28.6,All races/ ethnicities (aggregated),2012,Weight
Queen Anne's,31.9,All races/ ethnicities (aggregated),2012,Weight
Saint Mary's,32.9,All races/ ethnicities (aggregated),2012,Weight
Somerset,41.5,All races/ ethnicities (aggregated),2012,Weight
Talbot,37.7,All races/ ethnicities (aggregated),2012,Weight
Washington,32.9,All races/ ethnicities (aggregated),2012,Weight
Wicomico,38.3,All races/ ethnicities (aggregated),2012,Weight
Worcester,30.0,All races/ ethnicities (aggregated),2012,Weight
State,28.7,Black Non-Hispanic,2012,Weight
Anne Arundel,16.9,Black Non-Hispanic,2012,Weight
Baltimore City,33.5,Black Non-Hispanic,2012,Weight
Baltimore County,31.2,Black Non-Hispanic,2012,Weight
Charles,18.0,Black Non-Hispanic,2012,Weight
Dorchester,20.1,Black Non-Hispanic,2012,Weight
Harford,16.8,Black Non-Hispanic,2012,Weight
Howard,9.7,Black Non-Hispanic,2012,Weight
Montgomery,38.3,Black Non-Hispanic,2012,Weight
Prince George's,25.8,Black Non-Hispanic,2012,Weight
Wicomico,40.8,Black Non-Hispanic,2012,Weight
State,31.2,Hispanic,2012,Weight
Montgomery,29.5,Hispanic,2012,Weight
State,38.4,White Non-Hispanic,2012,Weight
Allegany,30.7,White Non-Hispanic,2012,Weight
Anne Arundel,38.9,White Non-Hispanic,2012,Weight
Baltimore City,45.4,White Non-Hispanic,2012,Weight
Baltimore County,38.6,White Non-Hispanic,2012,Weight
Calvert,39.4,White Non-Hispanic,2012,Weight
Caroline,27.3,White Non-Hispanic,2012,Weight
Carroll,29.3,White Non-Hispanic,2012,Weight
Cecil,28.7,White Non-Hispanic,2012,Weight
Charles,33.8,White Non-Hispanic,2012,Weight
Dorchester,28.8,White Non-Hispanic,2012,Weight
Frederick,33.9,White Non-Hispanic,2012,Weight
Garrett,42.4,White Non-Hispanic,2012,Weight
Harford,32.6,White Non-Hispanic,2012,Weight
Howard,46.6,White Non-Hispanic,2012,Weight
Kent,30.6,White Non-Hispanic,2012,Weight
Montgomery,47.6,White Non-Hispanic,2012,Weight
Prince George's,35.6,White Non-Hispanic,2012,Weight
Queen Anne's,34.6,White Non-Hispanic,2012,Weight
Saint Mary's,35.6,White Non-Hispanic,2012,Weight
Somerset,46.3,White Non-Hispanic,2012,Weight
Talbot,43.9,White Non-Hispanic,2012,Weight
Washington,33.8,White Non-Hispanic,2012,Weight
Wicomico,36.3,White Non-Hispanic,2012,Weight
Worcester,29.8,White Non-Hispanic,2012,Weight
State,59.8,Asian Non-Hispanic,2012,Weight
Montgomery,59.8,Asian Non-Hispanic,2012,Weight
State,35.6,All races/ ethnicities (aggregated),2011,Weight
Allegany,30.2,All races/ ethnicities (aggregated),2011,Weight
Anne Arundel,36.9,All races/ ethnicities (aggregated),2011,Weight
Baltimore City,34.5,All races/ ethnicities (aggregated),2011,Weight
Baltimore County,36.7,All races/ ethnicities (aggregated),2011,Weight
Calvert,32.3,All races/ ethnicities (aggregated),2011,Weight
Caroline,32.3,All races/ ethnicities (aggregated),2011,Weight
Carroll,31.1,All races/ ethnicities (aggregated),2011,Weight
Cecil,25.0,All races/ ethnicities (aggregated),2011,Weight
Charles,30.6,All races/ ethnicities (aggregated),2011,Weight
Dorchester,27.7,All races/ ethnicities (aggregated),2011,Weight
Frederick,41.0,All races/ ethnicities (aggregated),2011,Weight
Garrett,33.7,All races/ ethnicities (aggregated),2011,Weight
Harford,24.9,All races/ ethnicities (aggregated),2011,Weight
Howard,45.2,All races/ ethnicities (aggregated),2011,Weight
Kent,30.3,All races/ ethnicities (aggregated),2011,Weight
Montgomery,43.9,All races/ ethnicities (aggregated),2011,Weight
Prince George's,30.2,All races/ ethnicities (aggregated),2011,Weight
Queen Anne's,40.8,All races/ ethnicities (aggregated),2011,Weight
Saint Mary's,34.4,All races/ ethnicities (aggregated),2011,Weight
Somerset,27.1,All races/ ethnicities (aggregated),2011,Weight
Talbot,37.4,All races/ ethnicities (aggregated),2011,Weight
Washington,34.1,All races/ ethnicities (aggregated),2011,Weight
Wicomico,28.1,All races/ ethnicities (aggregated),2011,Weight
Worcester,36.7,All races/ ethnicities (aggregated),2011,Weight
State,26.8,Black Non-Hispanic,2011,Weight
Anne Arundel,36.7,Black Non-Hispanic,2011,Weight
Baltimore City,25.0,Black Non-Hispanic,2011,Weight
Baltimore County,28.2,Black Non-Hispanic,2011,Weight
Charles,26.5,Black Non-Hispanic,2011,Weight
Montgomery,36.7,Black Non-Hispanic,2011,Weight
Prince George's,26.5,Black Non-Hispanic,2011,Weight
State,39.7,Hispanic,2011,Weight
Montgomery,40.1,Hispanic,2011,Weight
State,37.8,White Non-Hispanic,2011,Weight
Allegany,32.3,White Non-Hispanic,2011,Weight
Anne Arundel,36.0,White Non-Hispanic,2011,Weight
Baltimore City,48.8,White Non-Hispanic,2011,Weight
Baltimore County,38.1,White Non-Hispanic,2011,Weight
Calvert,34.4,White Non-Hispanic,2011,Weight
Caroline,31.6,White Non-Hispanic,2011,Weight
Carroll,29.7,White Non-Hispanic,2011,Weight
Cecil,28.2,White Non-Hispanic,2011,Weight
Charles,34.5,White Non-Hispanic,2011,Weight
Dorchester,35.2,White Non-Hispanic,2011,Weight
Frederick,43.8,White Non-Hispanic,2011,Weight
Garrett,37.8,White Non-Hispanic,2011,Weight
Harford,28.0,White Non-Hispanic,2011,Weight
Howard,43.7,White Non-Hispanic,2011,Weight
Kent,32.4,White Non-Hispanic,2011,Weight
Montgomery,45.3,White Non-Hispanic,2011,Weight
Prince George's,31.5,White Non-Hispanic,2011,Weight
Queen Anne's,42.8,White Non-Hispanic,2011,Weight
Saint Mary's,36.7,White Non-Hispanic,2011,Weight
Somerset,30.8,White Non-Hispanic,2011,Weight
Talbot,33.7,White Non-Hispanic,2011,Weight
Washington,34.4,White Non-Hispanic,2011,Weight
Wicomico,29.8,White Non-Hispanic,2011,Weight
Worcester,41.5,White Non-Hispanic,2011,Weight
State,61.8,Asian Non-Hispanic,2011,Weight
Montgomery,54.6,Asian Non-Hispanic,2011,Weight
State,33.5,All races/ ethnicities (aggregated),2018,Adults who are not overweight or obese
Allegany,23.8,All races/ ethnicities (aggregated),2018,Adults who are not overweight or obese
Anne Arundel,33.0,All races/ ethnicities (aggregated),2018,Adults who are not overweight or obese
Baltimore County,36.5,All races/ ethnicities (aggregated),2018,Adults who are not overweight or obese
Calvert,31.3,All races/ ethnicities (aggregated),2018,Adults who are not overweight or obese
Caroline,27.3,All races/ ethnicities (aggregated),2018,Adults who are not overweight or obese
Carroll,34.5,All races/ ethnicities (aggregated),2018,Adults who are not overweight or obese
Cecil,30.9,All races/ ethnicities (aggregated),2018,Adults who are not overweight or obese
Charles,26.5,All races/ ethnicities (aggregated),2018,Adults who are not overweight or obese
Dorchester,18.1,All races/ ethnicities (aggregated),2018,Adults who are not overweight or obese
Frederick,33.2,All races/ ethnicities (aggregated),2018,Adults who are not overweight or obese
Garrett,33.9,All races/ ethnicities (aggregated),2018,Adults who are not overweight or obese
Harford,29.1,All races/ ethnicities (aggregated),2018,Adults who are not overweight or obese
Howard,43.8,All races/ ethnicities (aggregated),2018,Adults who are not overweight or obese
Kent,17.5,All races/ ethnicities (aggregated),2018,Adults who are not overweight or obese
Montgomery,39.2,All races/ ethnicities (aggregated),2018,Adults who are not overweight or obese
Prince George's,28.2,All races/ ethnicities (aggregated),2018,Adults who are not overweight or obese
Queen Anne's,31.4,All races/ ethnicities (aggregated),2018,Adults who are not overweight or obese
Saint Mary's,24.2,All races/ ethnicities (aggregated),2018,Adults who are not overweight or obese
Somerset,29.3,All races/ ethnicities (aggregated),2018,Adults who are not overweight or obese
Talbot,37.9,All races/ ethnicities (aggregated),2018,Adults who are not overweight or obese
Washington,32.7,All races/ ethnicities (aggregated),2018,Adults who are not overweight or obese
Wicomico,34.5,All races/ ethnicities (aggregated),2018,Adults who are not overweight or obese
Worcester,24.4,All races/ ethnicities (aggregated),2018,Adults who are not overweight or obese
Baltimore City,32.3,All races/ ethnicities (aggregated),2018,Adults who are not overweight or obese
State,39.2,American Indian/Alaska Native Non-Hispanic/Latino,2018,Adults who are not overweight or obese
Allegany,,American Indian/Alaska Native Non-Hispanic/Latino,2018,Adults who are not overweight or obese
Anne Arundel,,American Indian/Alaska Native Non-Hispanic/Latino,2018,Adults who are not overweight or obese
Baltimore County,,American Indian/Alaska Native Non-Hispanic/Latino,2018,Adults who are not overweight or obese
Calvert,,American Indian/Alaska Native Non-Hispanic/Latino,2018,Adults who are not overweight or obese
Caroline,,American Indian/Alaska Native Non-Hispanic/Latino,2018,Adults who are not overweight or obese
Carroll,,American Indian/Alaska Native Non-Hispanic/Latino,2018,Adults who are not overweight or obese
Cecil,,American Indian/Alaska Native Non-Hispanic/Latino,2018,Adults who are not overweight or obese
Charles,,American Indian/Alaska Native Non-Hispanic/Latino,2018,Adults who are not overweight or obese
Dorchester,,American Indian/Alaska Native Non-Hispanic/Latino,2018,Adults who are not overweight or obese
Frederick,,American Indian/Alaska Native Non-Hispanic/Latino,2018,Adults who are not overweight or obese
Garrett,,American Indian/Alaska Native Non-Hispanic/Latino,2018,Adults who are not overweight or obese
Harford,,American Indian/Alaska Native Non-Hispanic/Latino,2018,Adults who are not overweight or obese
Howard,,American Indian/Alaska Native Non-Hispanic/Latino,2018,Adults who are not overweight or obese
Kent,,American Indian/Alaska Native Non-Hispanic/Latino,2018,Adults who are not overweight or obese
Montgomery,,American Indian/Alaska Native Non-Hispanic/Latino,2018,Adults who are not overweight or obese
Prince George's,,American Indian/Alaska Native Non-Hispanic/Latino,2018,Adults who are not overweight or obese
Queen Anne's,,American Indian/Alaska Native Non-Hispanic/Latino,2018,Adults who are not overweight or obese
Saint Mary's,,American Indian/Alaska Native Non-Hispanic/Latino,2018,Adults who are not overweight or obese
Somerset,,American Indian/Alaska Native Non-Hispanic/Latino,2018,Adults who are not overweight or obese
Talbot,,American Indian/Alaska Native Non-Hispanic/Latino,2018,Adults who are not overweight or obese
Washington,,American Indian/Alaska Native Non-Hispanic/Latino,2018,Adults who are not overweight or obese
Wicomico,,American Indian/Alaska Native Non-Hispanic/Latino,2018,Adults who are not overweight or obese
Worcester,,American Indian/Alaska Native Non-Hispanic/Latino,2018,Adults who are not overweight or obese
Baltimore City,,American Indian/Alaska Native Non-Hispanic/Latino,2018,Adults who are not overweight or obese
State,56.7,Asian/Pacific Islander Non-Hispanic/Latino,2018,Adults who are not overweight or obese
Allegany,,Asian/Pacific Islander Non-Hispanic/Latino,2018,Adults who are not overweight or obese
Anne Arundel,,Asian/Pacific Islander Non-Hispanic/Latino,2018,Adults who are not overweight or obese
Baltimore County,,Asian/Pacific Islander Non-Hispanic/Latino,2018,Adults who are not overweight or obese
Calvert,,Asian/Pacific Islander Non-Hispanic/Latino,2018,Adults who are not overweight or obese
Caroline,,Asian/Pacific Islander Non-Hispanic/Latino,2018,Adults who are not overweight or obese
Carroll,,Asian/Pacific Islander Non-Hispanic/Latino,2018,Adults who are not overweight or obese
Cecil,,Asian/Pacific Islander Non-Hispanic/Latino,2018,Adults who are not overweight or obese
Charles,,Asian/Pacific Islander Non-Hispanic/Latino,2018,Adults who are not overweight or obese
Dorchester,,Asian/Pacific Islander Non-Hispanic/Latino,2018,Adults who are not overweight or obese
Frederick,,Asian/Pacific Islander Non-Hispanic/Latino,2018,Adults who are not overweight or obese
Garrett,,Asian/Pacific Islander Non-Hispanic/Latino,2018,Adults who are not overweight or obese
Harford,,Asian/Pacific Islander Non-Hispanic/Latino,2018,Adults who are not overweight or obese
Howard,,Asian/Pacific Islander Non-Hispanic/Latino,2018,Adults who are not overweight or obese
Kent,,Asian/Pacific Islander Non-Hispanic/Latino,2018,Adults who are not overweight or obese
Montgomery,54.9,Asian/Pacific Islander Non-Hispanic/Latino,2018,Adults who are not overweight or obese
Prince George's,,Asian/Pacific Islander Non-Hispanic/Latino,2018,Adults who are not overweight or obese
Queen Anne's,,Asian/Pacific Islander Non-Hispanic/Latino,2018,Adults who are not overweight or obese
Saint Mary's,,Asian/Pacific Islander Non-Hispanic/Latino,2018,Adults who are not overweight or obese
Somerset,,Asian/Pacific Islander Non-Hispanic/Latino,2018,Adults who are not overweight or obese
Talbot,,Asian/Pacific Islander Non-Hispanic/Latino,2018,Adults who are not overweight or obese
Washington,,Asian/Pacific Islander Non-Hispanic/Latino,2018,Adults who are not overweight or obese
Wicomico,,Asian/Pacific Islander Non-Hispanic/Latino,2018,Adults who are not overweight or obese
Worcester,,Asian/Pacific Islander Non-Hispanic/Latino,2018,Adults who are not overweight or obese
Baltimore City,,Asian/Pacific Islander Non-Hispanic/Latino,2018,Adults who are not overweight or obese
State,27.1,Black or African American Non-Hispanic/Latino,2018,Adults who are not overweight or obese
Allegany,,Black or African American Non-Hispanic/Latino,2018,Adults who are not overweight or obese
Anne Arundel,25.3,Black or African American Non-Hispanic/Latino,2018,Adults who are not overweight or obese
Baltimore County,27.8,Black or African American Non-Hispanic/Latino,2018,Adults who are not overweight or obese
Calvert,,Black or African American Non-Hispanic/Latino,2018,Adults who are not overweight or obese
Caroline,,Black or African American Non-Hispanic/Latino,2018,Adults who are not overweight or obese
Carroll,,Black or African American Non-Hispanic/Latino,2018,Adults who are not overweight or obese
Cecil,,Black or African American Non-Hispanic/Latino,2018,Adults who are not overweight or obese
Charles,25.9,Black or African American Non-Hispanic/Latino,2018,Adults who are not overweight or obese
Dorchester,11.5,Black or African American Non-Hispanic/Latino,2018,Adults who are not overweight or obese
Frederick,33.3,Black or African American Non-Hispanic/Latino,2018,Adults who are not overweight or obese
Garrett,,Black or African American Non-Hispanic/Latino,2018,Adults who are not overweight or obese
Harford,28.9,Black or African American Non-Hispanic/Latino,2018,Adults who are not overweight or obese
Howard,34.0,Black or African American Non-Hispanic/Latino,2018,Adults who are not overweight or obese
Kent,,Black or African American Non-Hispanic/Latino,2018,Adults who are not overweight or obese
Montgomery,31.9,Black or African American Non-Hispanic/Latino,2018,Adults who are not overweight or obese
Prince George's,24.7,Black or African American Non-Hispanic/Latino,2018,Adults who are not overweight or obese
Queen Anne's,,Black or African American Non-Hispanic/Latino,2018,Adults who are not overweight or obese
Saint Mary's,20.3,Black or African American Non-Hispanic/Latino,2018,Adults who are not overweight or obese
Somerset,,Black or African American Non-Hispanic/Latino,2018,Adults who are not overweight or obese
Talbot,,Black or African American Non-Hispanic/Latino,2018,Adults who are not overweight or obese
Washington,,Black or African American Non-Hispanic/Latino,2018,Adults who are not overweight or obese
Wicomico,37.2,Black or African American Non-Hispanic/Latino,2018,Adults who are not overweight or obese
Worcester,,Black or African American Non-Hispanic/Latino,2018,Adults who are not overweight or obese
Baltimore City,26.8,Black or African American Non-Hispanic/Latino,2018,Adults who are not overweight or obese
State,29.7,Hispanic,2018,Adults who are not overweight or obese
Allegany,,Hispanic,2018,Adults who are not overweight or obese
Anne Arundel,,Hispanic,2018,Adults who are not overweight or obese
Baltimore County,27.3,Hispanic,2018,Adults who are not overweight or obese
Calvert,,Hispanic,2018,Adults who are not overweight or obese
Caroline,,Hispanic,2018,Adults who are not overweight or obese
Carroll,,Hispanic,2018,Adults who are not overweight or obese
Cecil,,Hispanic,2018,Adults who are not overweight or obese
Charles,,Hispanic,2018,Adults who are not overweight or obese
Dorchester,,Hispanic,2018,Adults who are not overweight or obese
Frederick,,Hispanic,2018,Adults who are not overweight or obese
Garrett,,Hispanic,2018,Adults who are not overweight or obese
Harford,,Hispanic,2018,Adults who are not overweight or obese
Howard,,Hispanic,2018,Adults who are not overweight or obese
Kent,,Hispanic,2018,Adults who are not overweight or obese
Montgomery,29.4,Hispanic,2018,Adults who are not overweight or obese
Prince George's,30.8,Hispanic,2018,Adults who are not overweight or obese
Queen Anne's,,Hispanic,2018,Adults who are not overweight or obese
Saint Mary's,,Hispanic,2018,Adults who are not overweight or obese
Somerset,,Hispanic,2018,Adults who are not overweight or obese
Talbot,,Hispanic,2018,Adults who are not overweight or obese
Washington,,Hispanic,2018,Adults who are not overweight or obese
Wicomico,,Hispanic,2018,Adults who are not overweight or obese
Worcester,,Hispanic,2018,Adults who are not overweight or obese
Baltimore City,,Hispanic,2018,Adults who are not overweight or obese
State,,Native Hawaiian/Other Pacific Islander Hispanic/Latino,2018,Adults who are not overweight or obese
Allegany,,Native Hawaiian/Other Pacific Islander Hispanic/Latino,2018,Adults who are not overweight or obese
Anne Arundel,,Native Hawaiian/Other Pacific Islander Hispanic/Latino,2018,Adults who are not overweight or obese
Baltimore County,,Native Hawaiian/Other Pacific Islander Hispanic/Latino,2018,Adults who are not overweight or obese
Calvert,,Native Hawaiian/Other Pacific Islander Hispanic/Latino,2018,Adults who are not overweight or obese
Caroline,,Native Hawaiian/Other Pacific Islander Hispanic/Latino,2018,Adults who are not overweight or obese
Carroll,,Native Hawaiian/Other Pacific Islander Hispanic/Latino,2018,Adults who are not overweight or obese
Cecil,,Native Hawaiian/Other Pacific Islander Hispanic/Latino,2018,Adults who are not overweight or obese
Charles,,Native Hawaiian/Other Pacific Islander Hispanic/Latino,2018,Adults who are not overweight or obese
Dorchester,,Native Hawaiian/Other Pacific Islander Hispanic/Latino,2018,Adults who are not overweight or obese
Frederick,,Native Hawaiian/Other Pacific Islander Hispanic/Latino,2018,Adults who are not overweight or obese
Garrett,,Native Hawaiian/Other Pacific Islander Hispanic/Latino,2018,Adults who are not overweight or obese
Harford,,Native Hawaiian/Other Pacific Islander Hispanic/Latino,2018,Adults who are not overweight or obese
Howard,,Native Hawaiian/Other Pacific Islander Hispanic/Latino,2018,Adults who are not overweight or obese
Kent,,Native Hawaiian/Other Pacific Islander Hispanic/Latino,2018,Adults who are not overweight or obese
Montgomery,,Native Hawaiian/Other Pacific Islander Hispanic/Latino,2018,Adults who are not overweight or obese
Prince George's,,Native Hawaiian/Other Pacific Islander Hispanic/Latino,2018,Adults who are not overweight or obese
Queen Anne's,,Native Hawaiian/Other Pacific Islander Hispanic/Latino,2018,Adults who are not overweight or obese
Saint Mary's,,Native Hawaiian/Other Pacific Islander Hispanic/Latino,2018,Adults who are not overweight or obese
Somerset,,Native Hawaiian/Other Pacific Islander Hispanic/Latino,2018,Adults who are not overweight or obese
Talbot,,Native Hawaiian/Other Pacific Islander Hispanic/Latino,2018,Adults who are not overweight or obese
Washington,,Native Hawaiian/Other Pacific Islander Hispanic/Latino,2018,Adults who are not overweight or obese
Wicomico,,Native Hawaiian/Other Pacific Islander Hispanic/Latino,2018,Adults who are not overweight or obese
Worcester,,Native Hawaiian/Other Pacific Islander Hispanic/Latino,2018,Adults who are not overweight or obese
Baltimore City,,Native Hawaiian/Other Pacific Islander Hispanic/Latino,2018,Adults who are not overweight or obese
State,34.7,White Non-Hispanic/Latino,2018,Adults who are not overweight or obese
Allegany,22.4,White Non-Hispanic/Latino,2018,Adults who are not overweight or obese
Anne Arundel,33.3,White Non-Hispanic/Latino,2018,Adults who are not overweight or obese
Baltimore County,39.6,White Non-Hispanic/Latino,2018,Adults who are not overweight or obese
Calvert,31.5,White Non-Hispanic/Latino,2018,Adults who are not overweight or obese
Caroline,27.1,White Non-Hispanic/Latino,2018,Adults who are not overweight or obese
Carroll,35.3,White Non-Hispanic/Latino,2018,Adults who are not overweight or obese
Cecil,32.0,White Non-Hispanic/Latino,2018,Adults who are not overweight or obese
Charles,23.7,White Non-Hispanic/Latino,2018,Adults who are not overweight or obese
Dorchester,20.8,White Non-Hispanic/Latino,2018,Adults who are not overweight or obese
Frederick,30.7,White Non-Hispanic/Latino,2018,Adults who are not overweight or obese
Garrett,34.1,White Non-Hispanic/Latino,2018,Adults who are not overweight or obese
Harford,28.2,White Non-Hispanic/Latino,2018,Adults who are not overweight or obese
Howard,40.7,White Non-Hispanic/Latino,2018,Adults who are not overweight or obese
Kent,19.8,White Non-Hispanic/Latino,2018,Adults who are not overweight or obese
Montgomery,40.2,White Non-Hispanic/Latino,2018,Adults who are not overweight or obese
Prince George's,34.3,White Non-Hispanic/Latino,2018,Adults who are not overweight or obese
Queen Anne's,31.6,White Non-Hispanic/Latino,2018,Adults who are not overweight or obese
Saint Mary's,25.2,White Non-Hispanic/Latino,2018,Adults who are not overweight or obese
Somerset,18.2,White Non-Hispanic/Latino,2018,Adults who are not overweight or obese
Talbot,35.9,White Non-Hispanic/Latino,2018,Adults who are not overweight or obese
Washington,33.5,White Non-Hispanic/Latino,2018,Adults who are not overweight or obese
Wicomico,34.3,White Non-Hispanic/Latino,2018,Adults who are not overweight or obese
Worcester,27.5,White Non-Hispanic/Latino,2018,Adults who are not overweight or obese
Baltimore City,39.3,White Non-Hispanic/Latino,2018,Adults who are not overweight or obese
State,33.4,All races/ ethnicities (aggregated),2019,Adults who are not overweight or obese
Allegany,33.9,All races/ ethnicities (aggregated),2019,Adults who are not overweight or obese
Anne Arundel,31.7,All races/ ethnicities (aggregated),2019,Adults who are not overweight or obese
Baltimore County,34.1,All races/ ethnicities (aggregated),2019,Adults who are not overweight or obese
Calvert,28.5,All races/ ethnicities (aggregated),2019,Adults who are not overweight or obese
Caroline,29.5,All races/ ethnicities (aggregated),2019,Adults who are not overweight or obese
Carroll,30.2,All races/ ethnicities (aggregated),2019,Adults who are not overweight or obese
Cecil,27.0,All races/ ethnicities (aggregated),2019,Adults who are not overweight or obese
Charles,28.2,All races/ ethnicities (aggregated),2019,Adults who are not overweight or obese
Dorchester,22.5,All races/ ethnicities (aggregated),2019,Adults who are not overweight or obese
Frederick,35.2,All races/ ethnicities (aggregated),2019,Adults who are not overweight or obese
Garrett,31.5,All races/ ethnicities (aggregated),2019,Adults who are not overweight or obese
Harford,28.1,All races/ ethnicities (aggregated),2019,Adults who are not overweight or obese
Howard,37.4,All races/ ethnicities (aggregated),2019,Adults who are not overweight or obese
Kent,25.3,All races/ ethnicities (aggregated),2019,Adults who are not overweight or obese
Montgomery,43.1,All races/ ethnicities (aggregated),2019,Adults who are not overweight or obese
Prince George's,28.5,All races/ ethnicities (aggregated),2019,Adults who are not overweight or obese
Queen Anne's,29.3,All races/ ethnicities (aggregated),2019,Adults who are not overweight or obese
Saint Mary's,31.4,All races/ ethnicities (aggregated),2019,Adults who are not overweight or obese
Somerset,15.3,All races/ ethnicities (aggregated),2019,Adults who are not overweight or obese
Talbot,29.0,All races/ ethnicities (aggregated),2019,Adults who are not overweight or obese
Washington,30.7,All races/ ethnicities (aggregated),2019,Adults who are not overweight or obese
Wicomico,35.5,All races/ ethnicities (aggregated),2019,Adults who are not overweight or obese
Worcester,41.3,All races/ ethnicities (aggregated),2019,Adults who are not overweight or obese
Wicomico,,Hispanic,2019,Adults who are not overweight or obese
Baltimore City,30.4,All races/ ethnicities (aggregated),2019,Adults who are not overweight or obese
State,26.3,American Indian/Alaska Native Non-Hispanic/Latino,2019,Adults who are not overweight or obese
Allegany,,American Indian/Alaska Native Non-Hispanic/Latino,2019,Adults who are not overweight or obese
Anne Arundel,,American Indian/Alaska Native Non-Hispanic/Latino,2019,Adults who are not overweight or obese
Baltimore County,,American Indian/Alaska Native Non-Hispanic/Latino,2019,Adults who are not overweight or obese
Calvert,,American Indian/Alaska Native Non-Hispanic/Latino,2019,Adults who are not overweight or obese
Caroline,,American Indian/Alaska Native Non-Hispanic/Latino,2019,Adults who are not overweight or obese
Carroll,,American Indian/Alaska Native Non-Hispanic/Latino,2019,Adults who are not overweight or obese
Cecil,,American Indian/Alaska Native Non-Hispanic/Latino,2019,Adults who are not overweight or obese
Charles,,American Indian/Alaska Native Non-Hispanic/Latino,2019,Adults who are not overweight or obese
Dorchester,,American Indian/Alaska Native Non-Hispanic/Latino,2019,Adults who are not overweight or obese
Frederick,,American Indian/Alaska Native Non-Hispanic/Latino,2019,Adults who are not overweight or obese
Garrett,,American Indian/Alaska Native Non-Hispanic/Latino,2019,Adults who are not overweight or obese
Harford,,American Indian/Alaska Native Non-Hispanic/Latino,2019,Adults who are not overweight or obese
Howard,,American Indian/Alaska Native Non-Hispanic/Latino,2019,Adults who are not overweight or obese
Kent,,American Indian/Alaska Native Non-Hispanic/Latino,2019,Adults who are not overweight or obese
Montgomery,,American Indian/Alaska Native Non-Hispanic/Latino,2019,Adults who are not overweight or obese
Prince George's,,American Indian/Alaska Native Non-Hispanic/Latino,2019,Adults who are not overweight or obese
Queen Anne's,,American Indian/Alaska Native Non-Hispanic/Latino,2019,Adults who are not overweight or obese
Saint Mary's,,American Indian/Alaska Native Non-Hispanic/Latino,2019,Adults who are not overweight or obese
Somerset,,American Indian/Alaska Native Non-Hispanic/Latino,2019,Adults who are not overweight or obese
Talbot,,American Indian/Alaska Native Non-Hispanic/Latino,2019,Adults who are not overweight or obese
Washington,,American Indian/Alaska Native Non-Hispanic/Latino,2019,Adults who are not overweight or obese
Wicomico,,American Indian/Alaska Native Non-Hispanic/Latino,2019,Adults who are not overweight or obese
Worcester,,American Indian/Alaska Native Non-Hispanic/Latino,2019,Adults who are not overweight or obese
Baltimore City,,American Indian/Alaska Native Non-Hispanic/Latino,2019,Adults who are not overweight or obese
State,55.0,Asian/Pacific Islander Non-Hispanic/Latino,2019,Adults who are not overweight or obese
Allegany,,Asian/Pacific Islander Non-Hispanic/Latino,2019,Adults who are not overweight or obese
Anne Arundel,,Asian/Pacific Islander Non-Hispanic/Latino,2019,Adults who are not overweight or obese
Baltimore County,,Asian/Pacific Islander Non-Hispanic/Latino,2019,Adults who are not overweight or obese
Calvert,,Asian/Pacific Islander Non-Hispanic/Latino,2019,Adults who are not overweight or obese
Caroline,,Asian/Pacific Islander Non-Hispanic/Latino,2019,Adults who are not overweight or obese
Carroll,,Asian/Pacific Islander Non-Hispanic/Latino,2019,Adults who are not overweight or obese
Cecil,,Asian/Pacific Islander Non-Hispanic/Latino,2019,Adults who are not overweight or obese
Charles,,Asian/Pacific Islander Non-Hispanic/Latino,2019,Adults who are not overweight or obese
Dorchester,,Asian/Pacific Islander Non-Hispanic/Latino,2019,Adults who are not overweight or obese
Frederick,,Asian/Pacific Islander Non-Hispanic/Latino,2019,Adults who are not overweight or obese
Garrett,,Asian/Pacific Islander Non-Hispanic/Latino,2019,Adults who are not overweight or obese
Harford,,Asian/Pacific Islander Non-Hispanic/Latino,2019,Adults who are not overweight or obese
Howard,,Asian/Pacific Islander Non-Hispanic/Latino,2019,Adults who are not overweight or obese
Kent,,Asian/Pacific Islander Non-Hispanic/Latino,2019,Adults who are not overweight or obese
Montgomery,62.9,Asian/Pacific Islander Non-Hispanic/Latino,2019,Adults who are not overweight or obese
Prince George's,,Asian/Pacific Islander Non-Hispanic/Latino,2019,Adults who are not overweight or obese
Queen Anne's,,Asian/Pacific Islander Non-Hispanic/Latino,2019,Adults who are not overweight or obese
Saint Mary's,,Asian/Pacific Islander Non-Hispanic/Latino,2019,Adults who are not overweight or obese
Somerset,,Asian/Pacific Islander Non-Hispanic/Latino,2019,Adults who are not overweight or obese
Talbot,,Asian/Pacific Islander Non-Hispanic/Latino,2019,Adults who are not overweight or obese
Washington,,Asian/Pacific Islander Non-Hispanic/Latino,2019,Adults who are not overweight or obese
Wicomico,,Asian/Pacific Islander Non-Hispanic/Latino,2019,Adults who are not overweight or obese
Worcester,,Asian/Pacific Islander Non-Hispanic/Latino,2019,Adults who are not overweight or obese
Baltimore City,,Asian/Pacific Islander Non-Hispanic/Latino,2019,Adults who are not overweight or obese
State,25.7,Black or African American Non-Hispanic/Latino,2019,Adults who are not overweight or obese
Allegany,,Black or African American Non-Hispanic/Latino,2019,Adults who are not overweight or obese
Anne Arundel,23.5,Black or African American Non-Hispanic/Latino,2019,Adults who are not overweight or obese
Baltimore County,27.5,Black or African American Non-Hispanic/Latino,2019,Adults who are not overweight or obese
Calvert,,Black or African American Non-Hispanic/Latino,2019,Adults who are not overweight or obese
Caroline,,Black or African American Non-Hispanic/Latino,2019,Adults who are not overweight or obese
Carroll,,Black or African American Non-Hispanic/Latino,2019,Adults who are not overweight or obese
Cecil,,Black or African American Non-Hispanic/Latino,2019,Adults who are not overweight or obese
Charles,27.5,Black or African American Non-Hispanic/Latino,2019,Adults who are not overweight or obese
Dorchester,18.6,Black or African American Non-Hispanic/Latino,2019,Adults who are not overweight or obese
Frederick,21.7,Black or African American Non-Hispanic/Latino,2019,Adults who are not overweight or obese
Garrett,,Black or African American Non-Hispanic/Latino,2019,Adults who are not overweight or obese
Harford,14.6,Black or African American Non-Hispanic/Latino,2019,Adults who are not overweight or obese
Howard,29.4,Black or African American Non-Hispanic/Latino,2019,Adults who are not overweight or obese
Kent,,Black or African American Non-Hispanic/Latino,2019,Adults who are not overweight or obese
Montgomery,31.0,Black or African American Non-Hispanic/Latino,2019,Adults who are not overweight or obese
Prince George's,24.5,Black or African American Non-Hispanic/Latino,2019,Adults who are not overweight or obese
Queen Anne's,,Black or African American Non-Hispanic/Latino,2019,Adults who are not overweight or obese
Saint Mary's,29.5,Black or African American Non-Hispanic/Latino,2019,Adults who are not overweight or obese
Somerset,,Black or African American Non-Hispanic/Latino,2019,Adults who are not overweight or obese
Talbot,,Black or African American Non-Hispanic/Latino,2019,Adults who are not overweight or obese
Washington,,Black or African American Non-Hispanic/Latino,2019,Adults who are not overweight or obese
Wicomico,22.3,Black or African American Non-Hispanic/Latino,2019,Adults who are not overweight or obese
Worcester,,Black or African American Non-Hispanic/Latino,2019,Adults who are not overweight or obese
Baltimore City,25.6,Black or African American Non-Hispanic/Latino,2019,Adults who are not overweight or obese
State,29.5,Hispanic,2019,Adults who are not overweight or obese
Allegany,,Hispanic,2019,Adults who are not overweight or obese
Anne Arundel,,Hispanic,2019,Adults who are not overweight or obese
Baltimore County,32.5,Hispanic,2019,Adults who are not overweight or obese
Calvert,,Hispanic,2019,Adults who are not overweight or obese
Caroline,,Hispanic,2019,Adults who are not overweight or obese
Carroll,,Hispanic,2019,Adults who are not overweight or obese
Cecil,,Hispanic,2019,Adults who are not overweight or obese
Charles,,Hispanic,2019,Adults who are not overweight or obese
Dorchester,,Hispanic,2019,Adults who are not overweight or obese
Frederick,,Hispanic,2019,Adults who are not overweight or obese
Garrett,,Hispanic,2019,Adults who are not overweight or obese
Harford,,Hispanic,2019,Adults who are not overweight or obese
Howard,,Hispanic,2019,Adults who are not overweight or obese
Kent,,Hispanic,2019,Adults who are not overweight or obese
Montgomery,32.3,Hispanic,2019,Adults who are not overweight or obese
Prince George's,30.2,Hispanic,2019,Adults who are not overweight or obese
Queen Anne's,,Hispanic,2019,Adults who are not overweight or obese
Saint Mary's,,Hispanic,2019,Adults who are not overweight or obese
Somerset,,Hispanic,2019,Adults who are not overweight or obese
Talbot,,Hispanic,2019,Adults who are not overweight or obese
Washington,,Hispanic,2019,Adults who are not overweight or obese
Worcester,,Hispanic,2019,Adults who are not overweight or obese
Baltimore City,,Hispanic,2019,Adults who are not overweight or obese
State,,Native Hawaiian/Other Pacific Islander Hispanic/Latino,2019,Adults who are not overweight or obese
Allegany,,Native Hawaiian/Other Pacific Islander Hispanic/Latino,2019,Adults who are not overweight or obese
Anne Arundel,,Native Hawaiian/Other Pacific Islander Hispanic/Latino,2019,Adults who are not overweight or obese
Baltimore County,,Native Hawaiian/Other Pacific Islander Hispanic/Latino,2019,Adults who are not overweight or obese
Calvert,,Native Hawaiian/Other Pacific Islander Hispanic/Latino,2019,Adults who are not overweight or obese
Caroline,,Native Hawaiian/Other Pacific Islander Hispanic/Latino,2019,Adults who are not overweight or obese
Carroll,,Native Hawaiian/Other Pacific Islander Hispanic/Latino,2019,Adults who are not overweight or obese
Cecil,,Native Hawaiian/Other Pacific Islander Hispanic/Latino,2019,Adults who are not overweight or obese
Charles,,Native Hawaiian/Other Pacific Islander Hispanic/Latino,2019,Adults who are not overweight or obese
Dorchester,,Native Hawaiian/Other Pacific Islander Hispanic/Latino,2019,Adults who are not overweight or obese
Frederick,,Native Hawaiian/Other Pacific Islander Hispanic/Latino,2019,Adults who are not overweight or obese
Garrett,,Native Hawaiian/Other Pacific Islander Hispanic/Latino,2019,Adults who are not overweight or obese
Harford,,Native Hawaiian/Other Pacific Islander Hispanic/Latino,2019,Adults who are not overweight or obese
Howard,,Native Hawaiian/Other Pacific Islander Hispanic/Latino,2019,Adults who are not overweight or obese
Kent,,Native Hawaiian/Other Pacific Islander Hispanic/Latino,2019,Adults who are not overweight or obese
Montgomery,,Native Hawaiian/Other Pacific Islander Hispanic/Latino,2019,Adults who are not overweight or obese
Prince George's,,Native Hawaiian/Other Pacific Islander Hispanic/Latino,2019,Adults who are not overweight or obese
Queen Anne's,,Native Hawaiian/Other Pacific Islander Hispanic/Latino,2019,Adults who are not overweight or obese
Saint Mary's,,Native Hawaiian/Other Pacific Islander Hispanic/Latino,2019,Adults who are not overweight or obese
Somerset,,Native Hawaiian/Other Pacific Islander Hispanic/Latino,2019,Adults who are not overweight or obese
Talbot,,Native Hawaiian/Other Pacific Islander Hispanic/Latino,2019,Adults who are not overweight or obese
Washington,,Native Hawaiian/Other Pacific Islander Hispanic/Latino,2019,Adults who are not overweight or obese
Wicomico,,Native Hawaiian/Other Pacific Islander Hispanic/Latino,2019,Adults who are not overweight or obese
Worcester,,Native Hawaiian/Other Pacific Islander Hispanic/Latino,2019,Adults who are not overweight or obese
Baltimore City,,Native Hawaiian/Other Pacific Islander Hispanic/Latino,2019,Adults who are not overweight or obese
State,35.7,White Non-Hispanic/Latino,2019,Adults who are not overweight or obese
Allegany,32.9,White Non-Hispanic/Latino,2019,Adults who are not overweight or obese
Anne Arundel,32.5,White Non-Hispanic/Latino,2019,Adults who are not overweight or obese
Baltimore County,36.8,White Non-Hispanic/Latino,2019,Adults who are not overweight or obese
Calvert,30.7,White Non-Hispanic/Latino,2019,Adults who are not overweight or obese
Caroline,30.1,White Non-Hispanic/Latino,2019,Adults who are not overweight or obese
Carroll,31.4,White Non-Hispanic/Latino,2019,Adults who are not overweight or obese
Cecil,28.0,White Non-Hispanic/Latino,2019,Adults who are not overweight or obese
Charles,30.2,White Non-Hispanic/Latino,2019,Adults who are not overweight or obese
Dorchester,25.7,White Non-Hispanic/Latino,2019,Adults who are not overweight or obese
Frederick,35.9,White Non-Hispanic/Latino,2019,Adults who are not overweight or obese
Garrett,30.7,White Non-Hispanic/Latino,2019,Adults who are not overweight or obese
Harford,31.6,White Non-Hispanic/Latino,2019,Adults who are not overweight or obese
Howard,39.1,White Non-Hispanic/Latino,2019,Adults who are not overweight or obese
Kent,29.1,White Non-Hispanic/Latino,2019,Adults who are not overweight or obese
Montgomery,45.7,White Non-Hispanic/Latino,2019,Adults who are not overweight or obese
Prince George's,33.2,White Non-Hispanic/Latino,2019,Adults who are not overweight or obese
Queen Anne's,28.8,White Non-Hispanic/Latino,2019,Adults who are not overweight or obese
Saint Mary's,34.5,White Non-Hispanic/Latino,2019,Adults who are not overweight or obese
Somerset,18.5,White Non-Hispanic/Latino,2019,Adults who are not overweight or obese
Talbot,29.2,White Non-Hispanic/Latino,2019,Adults who are not overweight or obese
Washington,31.7,White Non-Hispanic/Latino,2019,Adults who are not overweight or obese
Wicomico,38.1,White Non-Hispanic/Latino,2019,Adults who are not overweight or obese
Worcester,42.2,White Non-Hispanic/Latino,2019,Adults who are not overweight or obese
Baltimore City,38.1,White Non-Hispanic/Latino,2019,Adults who are not overweight or obese
State,33.5,All races/ ethnicities (aggregated),2020,Adults who are not overweight or obese
Allegany,33.8,All races/ ethnicities (aggregated),2020,Adults who are not overweight or obese
Anne Arundel,33.5,All races/ ethnicities (aggregated),2020,Adults who are not overweight or obese
Baltimore County,31.2,All races/ ethnicities (aggregated),2020,Adults who are not overweight or obese
Calvert,31.1,All races/ ethnicities (aggregated),2020,Adults who are not overweight or obese
Caroline,26.1,All races/ ethnicities (aggregated),2020,Adults who are not overweight or obese
Carroll,40.2,All races/ ethnicities (aggregated),2020,Adults who are not overweight or obese
Cecil,31.3,All races/ ethnicities (aggregated),2020,Adults who are not overweight or obese
Charles,25.6,All races/ ethnicities (aggregated),2020,Adults who are not overweight or obese
Dorchester,19.4,All races/ ethnicities (aggregated),2020,Adults who are not overweight or obese
Frederick,36.3,All races/ ethnicities (aggregated),2020,Adults who are not overweight or obese
Garrett,35.8,All races/ ethnicities (aggregated),2020,Adults who are not overweight or obese
Harford,31.1,All races/ ethnicities (aggregated),2020,Adults who are not overweight or obese
Howard,37.5,All races/ ethnicities (aggregated),2020,Adults who are not overweight or obese
Kent,31.0,All races/ ethnicities (aggregated),2020,Adults who are not overweight or obese
Montgomery,42.8,All races/ ethnicities (aggregated),2020,Adults who are not overweight or obese
Prince George's,31.6,All races/ ethnicities (aggregated),2020,Adults who are not overweight or obese
Queen Anne's,27.1,All races/ ethnicities (aggregated),2020,Adults who are not overweight or obese
Saint Mary's,29.2,All races/ ethnicities (aggregated),2020,Adults who are not overweight or obese
Somerset,32.2,All races/ ethnicities (aggregated),2020,Adults who are not overweight or obese
Talbot,35.4,All races/ ethnicities (aggregated),2020,Adults who are not overweight or obese
Washington,23.6,All races/ ethnicities (aggregated),2020,Adults who are not overweight or obese
Wicomico,26.1,All races/ ethnicities (aggregated),2020,Adults who are not overweight or obese
Worcester,34.2,All races/ ethnicities (aggregated),2020,Adults who are not overweight or obese
Baltimore City,28.1,All races/ ethnicities (aggregated),2020,Adults who are not overweight or obese
State,29.6,American Indian/Alaska Native Non-Hispanic/Latino,2020,Adults who are not overweight or obese
Allegany,,American Indian/Alaska Native Non-Hispanic/Latino,2020,Adults who are not overweight or obese
Anne Arundel,,American Indian/Alaska Native Non-Hispanic/Latino,2020,Adults who are not overweight or obese
Baltimore County,,American Indian/Alaska Native Non-Hispanic/Latino,2020,Adults who are not overweight or obese
Calvert,,American Indian/Alaska Native Non-Hispanic/Latino,2020,Adults who are not overweight or obese
Caroline,,American Indian/Alaska Native Non-Hispanic/Latino,2020,Adults who are not overweight or obese
Carroll,,American Indian/Alaska Native Non-Hispanic/Latino,2020,Adults who are not overweight or obese
Cecil,,American Indian/Alaska Native Non-Hispanic/Latino,2020,Adults who are not overweight or obese
Charles,,American Indian/Alaska Native Non-Hispanic/Latino,2020,Adults who are not overweight or obese
Dorchester,,American Indian/Alaska Native Non-Hispanic/Latino,2020,Adults who are not overweight or obese
Frederick,,American Indian/Alaska Native Non-Hispanic/Latino,2020,Adults who are not overweight or obese
Garrett,,American Indian/Alaska Native Non-Hispanic/Latino,2020,Adults who are not overweight or obese
Harford,,American Indian/Alaska Native Non-Hispanic/Latino,2020,Adults who are not overweight or obese
Howard,,American Indian/Alaska Native Non-Hispanic/Latino,2020,Adults who are not overweight or obese
Kent,,American Indian/Alaska Native Non-Hispanic/Latino,2020,Adults who are not overweight or obese
Montgomery,,American Indian/Alaska Native Non-Hispanic/Latino,2020,Adults who are not overweight or obese
Prince George's,,American Indian/Alaska Native Non-Hispanic/Latino,2020,Adults who are not overweight or obese
Queen Anne's,,American Indian/Alaska Native Non-Hispanic/Latino,2020,Adults who are not overweight or obese
Garrett,,Hispanic,2021,Adults who are not overweight or obese
Saint Mary's,,American Indian/Alaska Native Non-Hispanic/Latino,2020,Adults who are not overweight or obese
Somerset,,American Indian/Alaska Native Non-Hispanic/Latino,2020,Adults who are not overweight or obese
Talbot,,American Indian/Alaska Native Non-Hispanic/Latino,2020,Adults who are not overweight or obese
Washington,,American Indian/Alaska Native Non-Hispanic/Latino,2020,Adults who are not overweight or obese
Wicomico,,American Indian/Alaska Native Non-Hispanic/Latino,2020,Adults who are not overweight or obese
Worcester,,American Indian/Alaska Native Non-Hispanic/Latino,2020,Adults who are not overweight or obese
Baltimore City,,American Indian/Alaska Native Non-Hispanic/Latino,2020,Adults who are not overweight or obese
State,54.6,Asian/Pacific Islander Non-Hispanic/Latino,2020,Adults who are not overweight or obese
Allegany,,Asian/Pacific Islander Non-Hispanic/Latino,2020,Adults who are not overweight or obese
Anne Arundel,,Asian/Pacific Islander Non-Hispanic/Latino,2020,Adults who are not overweight or obese
Baltimore County,,Asian/Pacific Islander Non-Hispanic/Latino,2020,Adults who are not overweight or obese
Calvert,,Asian/Pacific Islander Non-Hispanic/Latino,2020,Adults who are not overweight or obese
Caroline,,Asian/Pacific Islander Non-Hispanic/Latino,2020,Adults who are not overweight or obese
Carroll,,Asian/Pacific Islander Non-Hispanic/Latino,2020,Adults who are not overweight or obese
Cecil,,Asian/Pacific Islander Non-Hispanic/Latino,2020,Adults who are not overweight or obese
Charles,,Asian/Pacific Islander Non-Hispanic/Latino,2020,Adults who are not overweight or obese
Dorchester,,Asian/Pacific Islander Non-Hispanic/Latino,2020,Adults who are not overweight or obese
Frederick,,Asian/Pacific Islander Non-Hispanic/Latino,2020,Adults who are not overweight or obese
Garrett,,Asian/Pacific Islander Non-Hispanic/Latino,2020,Adults who are not overweight or obese
Harford,,Asian/Pacific Islander Non-Hispanic/Latino,2020,Adults who are not overweight or obese
Howard,40.9,Asian/Pacific Islander Non-Hispanic/Latino,2020,Adults who are not overweight or obese
Kent,,Asian/Pacific Islander Non-Hispanic/Latino,2020,Adults who are not overweight or obese
Montgomery,67.9,Asian/Pacific Islander Non-Hispanic/Latino,2020,Adults who are not overweight or obese
Prince George's,,Asian/Pacific Islander Non-Hispanic/Latino,2020,Adults who are not overweight or obese
Queen Anne's,,Asian/Pacific Islander Non-Hispanic/Latino,2020,Adults who are not overweight or obese
Saint Mary's,,Asian/Pacific Islander Non-Hispanic/Latino,2020,Adults who are not overweight or obese
Somerset,,Asian/Pacific Islander Non-Hispanic/Latino,2020,Adults who are not overweight or obese
Talbot,,Asian/Pacific Islander Non-Hispanic/Latino,2020,Adults who are not overweight or obese
Washington,,Asian/Pacific Islander Non-Hispanic/Latino,2020,Adults who are not overweight or obese
Wicomico,,Asian/Pacific Islander Non-Hispanic/Latino,2020,Adults who are not overweight or obese
Worcester,,Asian/Pacific Islander Non-Hispanic/Latino,2020,Adults who are not overweight or obese
Baltimore City,,Asian/Pacific Islander Non-Hispanic/Latino,2020,Adults who are not overweight or obese
State,26.2,Black or African American Non-Hispanic/Latino,2020,Adults who are not overweight or obese
Allegany,,Black or African American Non-Hispanic/Latino,2020,Adults who are not overweight or obese
Anne Arundel,30.6,Black or African American Non-Hispanic/Latino,2020,Adults who are not overweight or obese
Baltimore County,18.1,Black or African American Non-Hispanic/Latino,2020,Adults who are not overweight or obese
Calvert,,Black or African American Non-Hispanic/Latino,2020,Adults who are not overweight or obese
Caroline,,Black or African American Non-Hispanic/Latino,2020,Adults who are not overweight or obese
Carroll,,Black or African American Non-Hispanic/Latino,2020,Adults who are not overweight or obese
Cecil,,Black or African American Non-Hispanic/Latino,2020,Adults who are not overweight or obese
Charles,31.1,Black or African American Non-Hispanic/Latino,2020,Adults who are not overweight or obese
Dorchester,13.7,Black or African American Non-Hispanic/Latino,2020,Adults who are not overweight or obese
Frederick,,Black or African American Non-Hispanic/Latino,2020,Adults who are not overweight or obese
Garrett,,Black or African American Non-Hispanic/Latino,2020,Adults who are not overweight or obese
Harford,,Black or African American Non-Hispanic/Latino,2020,Adults who are not overweight or obese
Howard,32.7,Black or African American Non-Hispanic/Latino,2020,Adults who are not overweight or obese
Kent,,Black or African American Non-Hispanic/Latino,2020,Adults who are not overweight or obese
Montgomery,34.1,Black or African American Non-Hispanic/Latino,2020,Adults who are not overweight or obese
Prince George's,29.3,Black or African American Non-Hispanic/Latino,2020,Adults who are not overweight or obese
Queen Anne's,,Black or African American Non-Hispanic/Latino,2020,Adults who are not overweight or obese
Saint Mary's,,Black or African American Non-Hispanic/Latino,2020,Adults who are not overweight or obese
Somerset,,Black or African American Non-Hispanic/Latino,2020,Adults who are not overweight or obese
Talbot,,Black or African American Non-Hispanic/Latino,2020,Adults who are not overweight or obese
Washington,,Black or African American Non-Hispanic/Latino,2020,Adults who are not overweight or obese
Wicomico,18.9,Black or African American Non-Hispanic/Latino,2020,Adults who are not overweight or obese
Worcester,,Black or African American Non-Hispanic/Latino,2020,Adults who are not overweight or obese
Baltimore City,20.2,Black or African American Non-Hispanic/Latino,2020,Adults who are not overweight or obese
State,29.4,Hispanic,2020,Adults who are not overweight or obese
Allegany,,Hispanic,2020,Adults who are not overweight or obese
Anne Arundel,25.0,Hispanic,2020,Adults who are not overweight or obese
Baltimore County,21.2,Hispanic,2020,Adults who are not overweight or obese
Calvert,,Hispanic,2020,Adults who are not overweight or obese
Caroline,,Hispanic,2020,Adults who are not overweight or obese
Carroll,,Hispanic,2020,Adults who are not overweight or obese
Cecil,,Hispanic,2020,Adults who are not overweight or obese
Charles,,Hispanic,2020,Adults who are not overweight or obese
Dorchester,,Hispanic,2020,Adults who are not overweight or obese
Frederick,,Hispanic,2020,Adults who are not overweight or obese
Garrett,,Hispanic,2020,Adults who are not overweight or obese
Harford,,Hispanic,2020,Adults who are not overweight or obese
Howard,,Hispanic,2020,Adults who are not overweight or obese
Kent,,Hispanic,2020,Adults who are not overweight or obese
Montgomery,29.2,Hispanic,2020,Adults who are not overweight or obese
Prince George's,31.8,Hispanic,2020,Adults who are not overweight or obese
Queen Anne's,,Hispanic,2020,Adults who are not overweight or obese
Saint Mary's,,Hispanic,2020,Adults who are not overweight or obese
Somerset,,Hispanic,2020,Adults who are not overweight or obese
Talbot,,Hispanic,2020,Adults who are not overweight or obese
Washington,,Hispanic,2020,Adults who are not overweight or obese
Wicomico,,Hispanic,2020,Adults who are not overweight or obese
Worcester,,Hispanic,2020,Adults who are not overweight or obese
Baltimore City,,Hispanic,2020,Adults who are not overweight or obese
State,,Native Hawaiian/Other Pacific Islander Hispanic/Latino,2020,Adults who are not overweight or obese
Allegany,,Native Hawaiian/Other Pacific Islander Hispanic/Latino,2020,Adults who are not overweight or obese
Anne Arundel,,Native Hawaiian/Other Pacific Islander Hispanic/Latino,2020,Adults who are not overweight or obese
Baltimore County,,Native Hawaiian/Other Pacific Islander Hispanic/Latino,2020,Adults who are not overweight or obese
Calvert,,Native Hawaiian/Other Pacific Islander Hispanic/Latino,2020,Adults who are not overweight or obese
Caroline,,Native Hawaiian/Other Pacific Islander Hispanic/Latino,2020,Adults who are not overweight or obese
Carroll,,Native Hawaiian/Other Pacific Islander Hispanic/Latino,2020,Adults who are not overweight or obese
Cecil,,Native Hawaiian/Other Pacific Islander Hispanic/Latino,2020,Adults who are not overweight or obese
Charles,,Native Hawaiian/Other Pacific Islander Hispanic/Latino,2020,Adults who are not overweight or obese
Dorchester,,Native Hawaiian/Other Pacific Islander Hispanic/Latino,2020,Adults who are not overweight or obese
Frederick,,Native Hawaiian/Other Pacific Islander Hispanic/Latino,2020,Adults who are not overweight or obese
Garrett,,Native Hawaiian/Other Pacific Islander Hispanic/Latino,2020,Adults who are not overweight or obese
Harford,,Native Hawaiian/Other Pacific Islander Hispanic/Latino,2020,Adults who are not overweight or obese
Howard,,Native Hawaiian/Other Pacific Islander Hispanic/Latino,2020,Adults who are not overweight or obese
Kent,,Native Hawaiian/Other Pacific Islander Hispanic/Latino,2020,Adults who are not overweight or obese
Montgomery,,Native Hawaiian/Other Pacific Islander Hispanic/Latino,2020,Adults who are not overweight or obese
Harford,,Hispanic,2021,Adults who are not overweight or obese
Prince George's,,Native Hawaiian/Other Pacific Islander Hispanic/Latino,2020,Adults who are not overweight or obese
Queen Anne's,,Native Hawaiian/Other Pacific Islander Hispanic/Latino,2020,Adults who are not overweight or obese
Saint Mary's,,Native Hawaiian/Other Pacific Islander Hispanic/Latino,2020,Adults who are not overweight or obese
Somerset,,Native Hawaiian/Other Pacific Islander Hispanic/Latino,2020,Adults who are not overweight or obese
Talbot,,Native Hawaiian/Other Pacific Islander Hispanic/Latino,2020,Adults who are not overweight or obese
Washington,,Native Hawaiian/Other Pacific Islander Hispanic/Latino,2020,Adults who are not overweight or obese
Wicomico,,Native Hawaiian/Other Pacific Islander Hispanic/Latino,2020,Adults who are not overweight or obese
Worcester,,Native Hawaiian/Other Pacific Islander Hispanic/Latino,2020,Adults who are not overweight or obese
Baltimore City,,Native Hawaiian/Other Pacific Islander Hispanic/Latino,2020,Adults who are not overweight or obese
State,35.8,White Non-Hispanic/Latino,2020,Adults who are not overweight or obese
Allegany,32.5,White Non-Hispanic/Latino,2020,Adults who are not overweight or obese
Anne Arundel,36.0,White Non-Hispanic/Latino,2020,Adults who are not overweight or obese
Baltimore County,35.3,White Non-Hispanic/Latino,2020,Adults who are not overweight or obese
Calvert,34.9,White Non-Hispanic/Latino,2020,Adults who are not overweight or obese
Caroline,25.2,White Non-Hispanic/Latino,2020,Adults who are not overweight or obese
Carroll,39.6,White Non-Hispanic/Latino,2020,Adults who are not overweight or obese
Cecil,33.4,White Non-Hispanic/Latino,2020,Adults who are not overweight or obese
Charles,20.8,White Non-Hispanic/Latino,2020,Adults who are not overweight or obese
Dorchester,23.2,White Non-Hispanic/Latino,2020,Adults who are not overweight or obese
Frederick,38.9,White Non-Hispanic/Latino,2020,Adults who are not overweight or obese
Garrett,35.5,White Non-Hispanic/Latino,2020,Adults who are not overweight or obese
Harford,31.1,White Non-Hispanic/Latino,2020,Adults who are not overweight or obese
Howard,39.5,White Non-Hispanic/Latino,2020,Adults who are not overweight or obese
Kent,34.4,White Non-Hispanic/Latino,2020,Adults who are not overweight or obese
Montgomery,42.8,White Non-Hispanic/Latino,2020,Adults who are not overweight or obese
Prince George's,38.7,White Non-Hispanic/Latino,2020,Adults who are not overweight or obese
Queen Anne's,27.3,White Non-Hispanic/Latino,2020,Adults who are not overweight or obese
Saint Mary's,30.1,White Non-Hispanic/Latino,2020,Adults who are not overweight or obese
Somerset,24.2,White Non-Hispanic/Latino,2020,Adults who are not overweight or obese
Talbot,38.4,White Non-Hispanic/Latino,2020,Adults who are not overweight or obese
Washington,22.2,White Non-Hispanic/Latino,2020,Adults who are not overweight or obese
Wicomico,29.3,White Non-Hispanic/Latino,2020,Adults who are not overweight or obese
Worcester,36.4,White Non-Hispanic/Latino,2020,Adults who are not overweight or obese
Baltimore City,41.1,White Non-Hispanic/Latino,2020,Adults who are not overweight or obese
State,31.8,All races/ ethnicities (aggregated),2021,Adults who are not overweight or obese
Allegany,23.4,All races/ ethnicities (aggregated),2021,Adults who are not overweight or obese
Anne Arundel,30.7,All races/ ethnicities (aggregated),2021,Adults who are not overweight or obese
Baltimore County,33.5,All races/ ethnicities (aggregated),2021,Adults who are not overweight or obese
Calvert,28.6,All races/ ethnicities (aggregated),2021,Adults who are not overweight or obese
Caroline,27.4,All races/ ethnicities (aggregated),2021,Adults who are not overweight or obese
Carroll,34.6,All races/ ethnicities (aggregated),2021,Adults who are not overweight or obese
Cecil,28.3,All races/ ethnicities (aggregated),2021,Adults who are not overweight or obese
Charles,23.7,All races/ ethnicities (aggregated),2021,Adults who are not overweight or obese
Dorchester,31.7,All races/ ethnicities (aggregated),2021,Adults who are not overweight or obese
Frederick,29.4,All races/ ethnicities (aggregated),2021,Adults who are not overweight or obese
Garrett,25.9,All races/ ethnicities (aggregated),2021,Adults who are not overweight or obese
Harford,34.3,All races/ ethnicities (aggregated),2021,Adults who are not overweight or obese
Howard,39.9,All races/ ethnicities (aggregated),2021,Adults who are not overweight or obese
Kent,34.2,All races/ ethnicities (aggregated),2021,Adults who are not overweight or obese
Montgomery,38.7,All races/ ethnicities (aggregated),2021,Adults who are not overweight or obese
Prince George's,23.6,All races/ ethnicities (aggregated),2021,Adults who are not overweight or obese
Queen Anne's,25.9,All races/ ethnicities (aggregated),2021,Adults who are not overweight or obese
Saint Mary's,27.7,All races/ ethnicities (aggregated),2021,Adults who are not overweight or obese
Somerset,19.2,All races/ ethnicities (aggregated),2021,Adults who are not overweight or obese
Talbot,25.8,All races/ ethnicities (aggregated),2021,Adults who are not overweight or obese
Washington,25.9,All races/ ethnicities (aggregated),2021,Adults who are not overweight or obese
Wicomico,35.3,All races/ ethnicities (aggregated),2021,Adults who are not overweight or obese
Worcester,23.5,All races/ ethnicities (aggregated),2021,Adults who are not overweight or obese
Baltimore City,33.9,All races/ ethnicities (aggregated),2021,Adults who are not overweight or obese
State,28.3,American Indian/Alaska Native Non-Hispanic/Latino,2021,Adults who are not overweight or obese
Allegany,,American Indian/Alaska Native Non-Hispanic/Latino,2021,Adults who are not overweight or obese
Anne Arundel,,American Indian/Alaska Native Non-Hispanic/Latino,2021,Adults who are not overweight or obese
Baltimore County,,American Indian/Alaska Native Non-Hispanic/Latino,2021,Adults who are not overweight or obese
Calvert,,American Indian/Alaska Native Non-Hispanic/Latino,2021,Adults who are not overweight or obese
Caroline,,American Indian/Alaska Native Non-Hispanic/Latino,2021,Adults who are not overweight or obese
Carroll,,American Indian/Alaska Native Non-Hispanic/Latino,2021,Adults who are not overweight or obese
Cecil,,American Indian/Alaska Native Non-Hispanic/Latino,2021,Adults who are not overweight or obese
Charles,,American Indian/Alaska Native Non-Hispanic/Latino,2021,Adults who are not overweight or obese
Dorchester,,American Indian/Alaska Native Non-Hispanic/Latino,2021,Adults who are not overweight or obese
Frederick,,American Indian/Alaska Native Non-Hispanic/Latino,2021,Adults who are not overweight or obese
Garrett,,American Indian/Alaska Native Non-Hispanic/Latino,2021,Adults who are not overweight or obese
Harford,,American Indian/Alaska Native Non-Hispanic/Latino,2021,Adults who are not overweight or obese
Howard,,American Indian/Alaska Native Non-Hispanic/Latino,2021,Adults who are not overweight or obese
Kent,,American Indian/Alaska Native Non-Hispanic/Latino,2021,Adults who are not overweight or obese
Montgomery,,American Indian/Alaska Native Non-Hispanic/Latino,2021,Adults who are not overweight or obese
Prince George's,,American Indian/Alaska Native Non-Hispanic/Latino,2021,Adults who are not overweight or obese
Queen Anne's,,American Indian/Alaska Native Non-Hispanic/Latino,2021,Adults who are not overweight or obese
Saint Mary's,,American Indian/Alaska Native Non-Hispanic/Latino,2021,Adults who are not overweight or obese
Somerset,,American Indian/Alaska Native Non-Hispanic/Latino,2021,Adults who are not overweight or obese
Talbot,,American Indian/Alaska Native Non-Hispanic/Latino,2021,Adults who are not overweight or obese
Washington,,American Indian/Alaska Native Non-Hispanic/Latino,2021,Adults who are not overweight or obese
Wicomico,,American Indian/Alaska Native Non-Hispanic/Latino,2021,Adults who are not overweight or obese
Worcester,,American Indian/Alaska Native Non-Hispanic/Latino,2021,Adults who are not overweight or obese
Baltimore City,,American Indian/Alaska Native Non-Hispanic/Latino,2021,Adults who are not overweight or obese
State,52.5,Asian/Pacific Islander Non-Hispanic/Latino,2021,Adults who are not overweight or obese
Allegany,,Asian/Pacific Islander Non-Hispanic/Latino,2021,Adults who are not overweight or obese
Anne Arundel,,Asian/Pacific Islander Non-Hispanic/Latino,2021,Adults who are not overweight or obese
Baltimore County,,Asian/Pacific Islander Non-Hispanic/Latino,2021,Adults who are not overweight or obese
Calvert,,Asian/Pacific Islander Non-Hispanic/Latino,2021,Adults who are not overweight or obese
Caroline,,Asian/Pacific Islander Non-Hispanic/Latino,2021,Adults who are not overweight or obese
Carroll,,Asian/Pacific Islander Non-Hispanic/Latino,2021,Adults who are not overweight or obese
Cecil,,Asian/Pacific Islander Non-Hispanic/Latino,2021,Adults who are not overweight or obese
Charles,,Asian/Pacific Islander Non-Hispanic/Latino,2021,Adults who are not overweight or obese
Dorchester,,Asian/Pacific Islander Non-Hispanic/Latino,2021,Adults who are not overweight or obese
Frederick,,Asian/Pacific Islander Non-Hispanic/Latino,2021,Adults who are not overweight or obese
Garrett,,Asian/Pacific Islander Non-Hispanic/Latino,2021,Adults who are not overweight or obese
Harford,,Asian/Pacific Islander Non-Hispanic/Latino,2021,Adults who are not overweight or obese
Howard,58.0,Asian/Pacific Islander Non-Hispanic/Latino,2021,Adults who are not overweight or obese
Kent,,Asian/Pacific Islander Non-Hispanic/Latino,2021,Adults who are not overweight or obese
Montgomery,46.8,Asian/Pacific Islander Non-Hispanic/Latino,2021,Adults who are not overweight or obese
Prince George's,,Asian/Pacific Islander Non-Hispanic/Latino,2021,Adults who are not overweight or obese
Queen Anne's,,Asian/Pacific Islander Non-Hispanic/Latino,2021,Adults who are not overweight or obese
Saint Mary's,,Asian/Pacific Islander Non-Hispanic/Latino,2021,Adults who are not overweight or obese
Somerset,,Asian/Pacific Islander Non-Hispanic/Latino,2021,Adults who are not overweight or obese
Talbot,,Asian/Pacific Islander Non-Hispanic/Latino,2021,Adults who are not overweight or obese
Washington,,Asian/Pacific Islander Non-Hispanic/Latino,2021,Adults who are not overweight or obese
Wicomico,,Asian/Pacific Islander Non-Hispanic/Latino,2021,Adults who are not overweight or obese
Worcester,,Asian/Pacific Islander Non-Hispanic/Latino,2021,Adults who are not overweight or obese
Baltimore City,,Asian/Pacific Islander Non-Hispanic/Latino,2021,Adults who are not overweight or obese
State,24.5,Black or African American Non-Hispanic/Latino,2021,Adults who are not overweight or obese
Allegany,,Black or African American Non-Hispanic/Latino,2021,Adults who are not overweight or obese
Anne Arundel,18.3,Black or African American Non-Hispanic/Latino,2021,Adults who are not overweight or obese
Baltimore County,26.7,Black or African American Non-Hispanic/Latino,2021,Adults who are not overweight or obese
Calvert,,Black or African American Non-Hispanic/Latino,2021,Adults who are not overweight or obese
Caroline,,Black or African American Non-Hispanic/Latino,2021,Adults who are not overweight or obese
Carroll,,Black or African American Non-Hispanic/Latino,2021,Adults who are not overweight or obese
Cecil,,Black or African American Non-Hispanic/Latino,2021,Adults who are not overweight or obese
Charles,20.8,Black or African American Non-Hispanic/Latino,2021,Adults who are not overweight or obese
Dorchester,26.7,Black or African American Non-Hispanic/Latino,2021,Adults who are not overweight or obese
Frederick,13.9,Black or African American Non-Hispanic/Latino,2021,Adults who are not overweight or obese
Garrett,,Black or African American Non-Hispanic/Latino,2021,Adults who are not overweight or obese
Harford,,Black or African American Non-Hispanic/Latino,2021,Adults who are not overweight or obese
Howard,25.9,Black or African American Non-Hispanic/Latino,2021,Adults who are not overweight or obese
Kent,,Black or African American Non-Hispanic/Latino,2021,Adults who are not overweight or obese
Montgomery,34.8,Black or African American Non-Hispanic/Latino,2021,Adults who are not overweight or obese
Prince George's,22.0,Black or African American Non-Hispanic/Latino,2021,Adults who are not overweight or obese
Queen Anne's,,Black or African American Non-Hispanic/Latino,2021,Adults who are not overweight or obese
Saint Mary's,,Black or African American Non-Hispanic/Latino,2021,Adults who are not overweight or obese
Somerset,,Black or African American Non-Hispanic/Latino,2021,Adults who are not overweight or obese
Talbot,,Black or African American Non-Hispanic/Latino,2021,Adults who are not overweight or obese
Washington,,Black or African American Non-Hispanic/Latino,2021,Adults who are not overweight or obese
Wicomico,29.0,Black or African American Non-Hispanic/Latino,2021,Adults who are not overweight or obese
Worcester,,Black or African American Non-Hispanic/Latino,2021,Adults who are not overweight or obese
Baltimore City,26.8,Black or African American Non-Hispanic/Latino,2021,Adults who are not overweight or obese
State,25.0,Hispanic,2021,Adults who are not overweight or obese
Allegany,,Hispanic,2021,Adults who are not overweight or obese
Anne Arundel,16.0,Hispanic,2021,Adults who are not overweight or obese
Baltimore County,25.0,Hispanic,2021,Adults who are not overweight or obese
Calvert,,Hispanic,2021,Adults who are not overweight or obese
Caroline,,Hispanic,2021,Adults who are not overweight or obese
Carroll,,Hispanic,2021,Adults who are not overweight or obese
Cecil,,Hispanic,2021,Adults who are not overweight or obese
Charles,,Hispanic,2021,Adults who are not overweight or obese
Dorchester,,Hispanic,2021,Adults who are not overweight or obese
Frederick,22.5,Hispanic,2021,Adults who are not overweight or obese
Howard,,Hispanic,2021,Adults who are not overweight or obese
Kent,,Hispanic,2021,Adults who are not overweight or obese
Montgomery,28.8,Hispanic,2021,Adults who are not overweight or obese
Prince George's,21.2,Hispanic,2021,Adults who are not overweight or obese
Queen Anne's,,Hispanic,2021,Adults who are not overweight or obese
Saint Mary's,,Hispanic,2021,Adults who are not overweight or obese
Somerset,,Hispanic,2021,Adults who are not overweight or obese
Talbot,,Hispanic,2021,Adults who are not overweight or obese
Washington,,Hispanic,2021,Adults who are not overweight or obese
Wicomico,,Hispanic,2021,Adults who are not overweight or obese
Worcester,,Hispanic,2021,Adults who are not overweight or obese
Baltimore City,16.5,Hispanic,2021,Adults who are not overweight or obese
State,,Native Hawaiian/Other Pacific Islander Hispanic/Latino,2021,Adults who are not overweight or obese
Allegany,,Native Hawaiian/Other Pacific Islander Hispanic/Latino,2021,Adults who are not overweight or obese
Anne Arundel,,Native Hawaiian/Other Pacific Islander Hispanic/Latino,2021,Adults who are not overweight or obese
Baltimore County,,Native Hawaiian/Other Pacific Islander Hispanic/Latino,2021,Adults who are not overweight or obese
Calvert,,Native Hawaiian/Other Pacific Islander Hispanic/Latino,2021,Adults who are not overweight or obese
Caroline,,Native Hawaiian/Other Pacific Islander Hispanic/Latino,2021,Adults who are not overweight or obese
Carroll,,Native Hawaiian/Other Pacific Islander Hispanic/Latino,2021,Adults who are not overweight or obese
Cecil,,Native Hawaiian/Other Pacific Islander Hispanic/Latino,2021,Adults who are not overweight or obese
Charles,,Native Hawaiian/Other Pacific Islander Hispanic/Latino,2021,Adults who are not overweight or obese
Dorchester,,Native Hawaiian/Other Pacific Islander Hispanic/Latino,2021,Adults who are not overweight or obese
Frederick,,Native Hawaiian/Other Pacific Islander Hispanic/Latino,2021,Adults who are not overweight or obese
Garrett,,Native Hawaiian/Other Pacific Islander Hispanic/Latino,2021,Adults who are not overweight or obese
Harford,,Native Hawaiian/Other Pacific Islander Hispanic/Latino,2021,Adults who are not overweight or obese
Howard,,Native Hawaiian/Other Pacific Islander Hispanic/Latino,2021,Adults who are not overweight or obese
Kent,,Native Hawaiian/Other Pacific Islander Hispanic/Latino,2021,Adults who are not overweight or obese
Montgomery,,Native Hawaiian/Other Pacific Islander Hispanic/Latino,2021,Adults who are not overweight or obese
Prince George's,,Native Hawaiian/Other Pacific Islander Hispanic/Latino,2021,Adults who are not overweight or obese
Queen Anne's,,Native Hawaiian/Other Pacific Islander Hispanic/Latino,2021,Adults who are not overweight or obese
Saint Mary's,,Native Hawaiian/Other Pacific Islander Hispanic/Latino,2021,Adults who are not overweight or obese
Somerset,,Native Hawaiian/Other Pacific Islander Hispanic/Latino,2021,Adults who are not overweight or obese
Talbot,,Native Hawaiian/Other Pacific Islander Hispanic/Latino,2021,Adults who are not overweight or obese
Washington,,Native Hawaiian/Other Pacific Islander Hispanic/Latino,2021,Adults who are not overweight or obese
Wicomico,,Native Hawaiian/Other Pacific Islander Hispanic/Latino,2021,Adults who are not overweight or obese
Worcester,,Native Hawaiian/Other Pacific Islander Hispanic/Latino,2021,Adults who are not overweight or obese
Baltimore City,,Native Hawaiian/Other Pacific Islander Hispanic/Latino,2021,Adults who are not overweight or obese
State,34.3,White Non-Hispanic/Latino,2021,Adults who are not overweight or obese
Allegany,23.2,White Non-Hispanic/Latino,2021,Adults who are not overweight or obese
Anne Arundel,30.7,White Non-Hispanic/Latino,2021,Adults who are not overweight or obese
Baltimore County,36.0,White Non-Hispanic/Latino,2021,Adults who are not overweight or obese
Calvert,31.7,White Non-Hispanic/Latino,2021,Adults who are not overweight or obese
Caroline,27.6,White Non-Hispanic/Latino,2021,Adults who are not overweight or obese
Carroll,33.0,White Non-Hispanic/Latino,2021,Adults who are not overweight or obese
Cecil,27.9,White Non-Hispanic/Latino,2021,Adults who are not overweight or obese
Charles,25.4,White Non-Hispanic/Latino,2021,Adults who are not overweight or obese
Dorchester,29.7,White Non-Hispanic/Latino,2021,Adults who are not overweight or obese
Frederick,32.7,White Non-Hispanic/Latino,2021,Adults who are not overweight or obese
Garrett,26.1,White Non-Hispanic/Latino,2021,Adults who are not overweight or obese
Harford,33.7,White Non-Hispanic/Latino,2021,Adults who are not overweight or obese
Howard,42.5,White Non-Hispanic/Latino,2021,Adults who are not overweight or obese
Kent,38.0,White Non-Hispanic/Latino,2021,Adults who are not overweight or obese
Montgomery,40.5,White Non-Hispanic/Latino,2021,Adults who are not overweight or obese
Prince George's,28.6,White Non-Hispanic/Latino,2021,Adults who are not overweight or obese
Queen Anne's,27.5,White Non-Hispanic/Latino,2021,Adults who are not overweight or obese
Saint Mary's,26.8,White Non-Hispanic/Latino,2021,Adults who are not overweight or obese
Somerset,20.6,White Non-Hispanic/Latino,2021,Adults who are not overweight or obese
Talbot,31.0,White Non-Hispanic/Latino,2021,Adults who are not overweight or obese
Washington,27.2,White Non-Hispanic/Latino,2021,Adults who are not overweight or obese
Wicomico,38.1,White Non-Hispanic/Latino,2021,Adults who are not overweight or obese
Worcester,24.4,White Non-Hispanic/Latino,2021,Adults who are not overweight or obese
Baltimore City,48.9,White Non-Hispanic/Latino,2021,Adults who are not overweight or obese
