OBJECTID,Global ID,Recreational Trail Number,Sponsor,Project Name,Project Location,Fiscal Year,Award Amount,Project Phase,RTP Manager Internal Notes,District,County,Project Description,Legislative District,Completed Date,Project Type,Managed Use,Primary Project Category,Trail Class,Land/Water Based,Structure Review Required,OMT Clearance Required,MOU Execution Date,MOU Extension Date,NEPA Date,ROW Certification Date,Recent Inspection Date,Public Display,Capture Method,OpenStreetMap ID,OpenStreetMap Rel Type,Public Primary Project Category,FMIS Number,Project Authorized,Authorization Date,x,y
3,e37c5e76-e98d-45eb-ad58-74f03ae01f0c,RT2201,Maryland Department of Transportation Port Administration,Cox Creek Community Trail,"1000 Kembo Road, Curtis Bay, MD",2022,83491,Procurement,,District 5,Anne Arundel,Construction of 2800 feet of the new Cox Creek Community Trail in the Cox Creek Forested Conservation Easement Area.,31B,,Non-motorized,Hike only,New Trail,3,Land,No,No,,,,,,Yes,,,,New Trail,,Yes,,1443617.07876389,557848.813521238
4,779f3dfc-7ca8-4fd8-8d5c-176e32f6c923,RT2202,"Wicomico County Recreation, Parks & Tourism",Pirate's Wharf,"Whitehaven Rd, Quantico, MD",2022,50000,Procurement,,District 1,Wicomico,Construct 2 stone dust surface trails and associated trailside amenities.,37B,,Non-motorized,Hike only,New Trail,3,Land,No,No,3/11/2022 5:00:00 AM,,,,,Yes,,,,New Trail,,No,,1671611.3304482,241068.431796841
5,d848295b-3622-4373-ae4b-3b3b37f6979e,RT2203,Queen Anne’s County Parks and Recreation,Kent Narrows Trail,321 Piney Narrows Road,2022,59040,MOU Execution / NEPA,,District 2,Queen Anne's,"Construct a 10-foot wide paved trail to provide a linkage to the existing Cross Island Trail from the northern portion of the Kent Narrows connecting to the Cross County Connector Trail that continues to Grasonville, MD.",36,,Non-motorized,Hike/Bike,New Trail,5,Land,,,,,,,,Yes,,,,New Trail,,,,1527491.59346908,475643.28046696
6,60f85ad9-a8a7-476a-b036-26e3f298ba3e,RT2204,Mid-Atlantic Off Road Enthusiasts,Rivers Edge Trails,"13th Ave., Brunswick, MD",2022,35520,Construction / Invoicing,,District 7,Frederick,Construction of 2 miles of natural surface singletrack multi-use trail and a trailhead kiosk.,4,,Non-motorized,Hike/Bike,New Trail with Structure,3,Land,Yes,,,,,,,Yes,,,,New Trail,,,,1140645.64868929,600459.237758374
8,3ed22eeb-1b37-42e2-adcf-f1ff2572c174,RT2206,Washington County Department of Public Works,Washington County Regional Park,,2022,120000,ROW,,District 6,Washington,Construction of 3/4 miles of multi-use crushed stone trail at Washington County Regional Park.,2A,,Non-motorized,Hike/Bike,New Trail with Structure,3,Land,Yes,Yes,,,,,,Yes,,,,New Trail,,,,1123450.76672974,710020.580507117
9,9ddf34de-ec33-4a4a-ab6f-dadf70f32432,RT2208,Catoctin Furnace Historical Society,Catoctin Iron Trail,"Catoctin Furnace Rd, Thurmont, MD",2022,55680,Construction,,District 7,Frederick,Restoration of 2095 feet of existing trail between the Catoctin Furnace ruins and the Manor Area of Cunningham Falls State Park.,4,,Non-motorized,Hike only,Maintenance,3,Land,No,No,3/17/2022 4:00:00 AM,,,,,Yes,,,,Maintenance and Restoration,,Yes,,1189901.00565506,697720.880059562
10,71599d43-eac4-4363-b48a-5d2cba16bdcf,RT2210,DNR - MPS - Pocomoke River State Park,Trail of Change Improvements,,2022,130073,Procurement,,District 1,Worcester,Construction of 2376 feet puncheon boardwalks on the Trail of Change at Pocomoke State Park.,38A,,Non-motorized,Hike only,Maintenance,4,Land,Yes,No,,,,,,Yes,,,,Maintenance and Restoration,,Yes,,1761758.39629792,176882.559525397
11,086966cc-8e05-4f81-86ef-82bfabfab066,RT2211,DNR - MPS - North Point State Park,North Point Hiker Biker and Black Marsh Trail Restoration,,2022,62988,Closeout,,District 4,Baltimore,"Resurfacing the Hiker Biker and Black Marsh trails at North Point State Park to improve drainage, safety, and trail sustainability.",6,6/15/2023 4:00:00 AM,Non-motorized,Hike/Bike,Maintenance,4,Land,No,,,,,,6/15/2023 4:00:00 AM,Yes,GPS,,,Maintenance and Restoration,,Yes,,1474939.38137659,561603.157045126
13,8812163d-ff96-4918-b59b-ad3f498f797a,RT2214,DNR - MFS - Potomac-Garrett State Forest,Burkholder Road ORV Trail Resurfacing,,2022,124721,Closeout,,District 6,Garrett,Restoration and maintenance of the trail bed surface and all associated drainage features on the Burkholder Road Off-Road Vehicle Trail at Potomac Garrett State Forest.,1A,5/3/2024 4:00:00 AM,Motorized,OHV/Motorbike/Truck,Maintenance,3,Land,,,,,,,11/15/2023 5:00:00 AM,Yes,GPS,,,Maintenance and Restoration,,Yes,,701488.641852396,665748.453413625
14,d53abdc6-0ae9-4667-be43-3aa00ecfba84,RT2101,Adkins Arboretum,Arboretum Trail Maintenance,,2021,25271,Closeout,,District 2,Caroline,"This project involves the maintenance of five miles of trails that  traverse the Arboretum and connect to the Tuckahoe State Park trails, the addition of Tuckahoe Valley Trail directional signs, replacement of the Nature's Role in the UGRR audio tour signs and installation of waterproof map boxes.",36,9/6/2022 4:00:00 AM,Motorized,Hike/Bike,Maintenance,3,Land,No,No,1/27/2021 5:00:00 AM,,3/15/2021 4:00:00 AM,3/18/2021 4:00:00 AM,8/9/2021 4:00:00 AM,Yes,,,,Maintenance and Restoration,,,,1615444.17286695,470251.532272023
16,9f155af2-903b-4db5-bda6-58dbd2f8e939,RT2104,Garrett Trails,Fork Run Trail Extension,,2021,54177,Design / NEPA,,District 6,Garrett,"New construction of a 1.2 mile (6,336') hiking and mountain biking trail, connecting the Adventures Sports Complex International with the Fork Run Recreation Area.",1A,,Non-motorized,Hike/Bike,New Trail with Structure,3,Land,Yes,,1/27/2021 5:00:00 AM,,,,,Yes,,,,New Trail,,,,634324.932077922,685726.777232418
18,3aad9897-6ff0-4233-8ad4-76b768cd83df,RT2106,Maryland-National Capital Park and Planning Commission,Critical Area Driving Tour,,2021,36750,Closeout,,District 3,Prince George's,"This project will update and replace ten interpretive signs along the Chesapeake Bay Critical Area Driving Tour, replace two observation tower viewers, and provide necessary funds to maintain the trail so that it remains safe for vehicles including replacing the boards of the bridge between Merkle NRMA and Patuxent River Park.",23B,4/5/2024 4:00:00 AM,Motorized,,Maintenance,5,Land,No,No,4/5/2021 4:00:00 AM,,3/17/2021 4:00:00 AM,6/16/2021 4:00:00 AM,12/11/2023 5:00:00 AM,Yes,,,,Maintenance and Restoration,,,,1397674.26445779,395778.757549633
19,7dd6d9fa-9065-4694-ada3-13a0b83dfd50,RT2108,DNR - MFS - Elk Neck State Forest,Elk Neck Labor 2021,,2021,72165,Hiring,,District 2,Cecil,This project will enable Fair Hill NRMA/Bohemia River State Park to employ one (1) Long-Term Contractual (12 months) Lead Trail Technician to restore existing trails and build new trails.,35A,,Diverse,Hike/Bike,Maintenance,,Land,,,4/5/2021 4:00:00 AM,,12/23/2021 5:00:00 AM,,,Yes,,,,Maintenance and Restoration,,,,1617682.3402696,697977.691275485
20,0a22109a-b75f-4b7e-949d-13896714ad1c,RT2109,DNR - MPS - Deep Creek Lake State Park,Fire Tower ORV Trail,,2021,35200,Closeout,,District 6,Garrett,"This project would aim to make repairs to double track trail on the Fire Tower/ORV Trail at Deep Creek Lake SP. It is proposed that the segments of this trail in need of major repair be graded to promote proper drainage, water diversion structures re-established, and the impacted areas filled and covered with gravel.",1A,5/31/2024 4:00:00 AM,Motorized,OHV/Motorbike/Truck,Maintenance,,Land,,,4/12/2021 4:00:00 AM,,12/14/2021 5:00:00 AM,,3/14/2024 4:00:00 AM,Yes,GPS,,,Maintenance and Restoration,,Yes,,661089.268289876,689667.489882072
21,c07ef47f-6c8d-487b-be84-9bc3867e6f01,RT2110,DNR - MPS - Fair Hill NRMA,Fair Hill Labor 2021,,2021,38085,NEPA,,District 2,Cecil,This project will consist of the maintaining of the entire 27 mile trail system at Elk Neck State Forest using a trail crew.  Additional trail crew work includes transitioning suitable areas of trails from single tread to dual tread based upon site conditions and current linkages to accessible areas and working with Forest staff to identify and work to establish up to 14 miles of new dual tread trail.,35A,,Non-motorized,Hike/Bike/Horse,Maintenance,,,,,4/12/2021 4:00:00 AM,,,,,Yes,,,,Maintenance and Restoration,,,,1634223.84659922,745055.950033514
22,eb7e6e26-6366-4349-a370-407d477a6c9b,RT2114,DNR - MPS - Patapsco Valley State Park,Patapsco Trail Labor 2021,,2021,32000,Closeout,,,Howard,Project will be spread through out the park and its 220 mile + trail system.  There are a lot of trails that saw excessive wear that need to be fixed using best management practices. In addition to provide better response time to down trees on trails.,,3/29/2024 4:00:00 AM,Non-motorized,Hike/Bike,Maintenance,3,Land,,,4/12/2021 4:00:00 AM,,,,2/2/2024 5:00:00 AM,Yes,,,,Maintenance and Restoration,,,,1371528.08064848,593419.185221381
23,c82bd9a8-f2b7-4918-9d28-ad5db7914e39,RT2001,Allegany County Department of Public Works,GAP Trail Maintenance,,2020,40680,Maintenance,,District 6,Allegany,This project will involve the long-term lease of a mini excavator for use by the office’s Alternative Sentencing Division to maintain 21 miles of the Great Allegheny Passage.,1B,,Non-motorized,Hike/Bike,Maintenance,4,Land,No,No,11/4/2019 5:00:00 AM,,1/15/2020 5:00:00 AM,1/22/2020 5:00:00 AM,,Yes,,,,Maintenance and Restoration,,,,771257.492326959,731495.68331275
24,dc345efa-07d7-4cc6-a20b-8d74e449b246,RT2009,DNR - MPS - Fort Frederick State Park,Beaver Pond Loop Trail,,2020,107530,Closeout,,District 6,Washington,This project will construct a singletrack trail extension to the Beaver Pond Trail.  The gravel trail extension will be 1.5 miles long.,1C,5/23/2023 4:00:00 AM,Non-motorized,Hike/Bike,New Trail,3,Land,No,No,11/27/2019 5:00:00 AM,,6/30/2020 4:00:00 AM,,1/5/2022 5:00:00 AM,Yes,,,,New Trail,,,,1029108.87973119,706888.27666
25,c75533e1-490b-4727-b045-d3fd488c7072,RT2016,DNR - MPS - Susquehanna State Park,Lower Susquehanna Heritage Trail and Boardwalk Resurfacing,,2020,81112,Closeout,,District 4,Harford,This project will replace the 620-foot-long and nine-foot-wide boardwalk surface on the Lower Susquehanna Heritage Trail.,35B,11/28/2022 5:00:00 AM,Non-motorized,Hike/Bike,Maintenance,4,Land,No,,11/27/2019 5:00:00 AM,,5/5/2020 4:00:00 AM,3/9/2021 5:00:00 AM,11/2/2022 4:00:00 AM,Yes,,,,Maintenance and Restoration,,,,1546170.03259203,724029.572897176
26,7c0f5f2b-b0c7-4a59-af5a-f2c3a3423bd2,RT2018,DNR - MFS - Pocomoke State Forest,Summerfield Trail System,,2020,42005,Construction,,District 1,Worcester,,38A,,Non-motorized,Hike/Bike,New Trail with Structure,3,Land,No,No,4/5/2021 4:00:00 AM,,11/20/2020 5:00:00 AM,,2/9/2022 5:00:00 AM,Yes,,,,New Trail,,,,1771471.23716752,187623.236386498
27,526c1940-37f7-499f-be71-f4958cceb03c,RT2019,Mid-Atlantic Off Road Enthusiasts,Seneca Creek Signage and Wayfinding,,2020,23100,Closeout,,District 3,Montgomery,,39,2/16/2023 5:00:00 AM,Non-motorized,Hike/Bike,Kiosks and/or Signage,3,Land,No,No,5/1/2020 4:00:00 AM,,4/29/2020 4:00:00 AM,5/11/2020 4:00:00 AM,1/4/2023 5:00:00 AM,Yes,,,,Trail Amenities and Signage,,,,1241578.58296591,540568.032174769
29,b311743a-03f4-404e-a44f-833b30cbd6d7,RT2021,"Charles County Recreation, Parks & Tourism",Indian Head Rail Trail Resurfacing,,2020,80000,Closeout,,District 5,Charles,,28,12/21/2021 5:00:00 AM,Non-motorized,Hike/Bike,Maintenance,5,Land,No,No,5/1/2020 4:00:00 AM,,9/11/2020 4:00:00 AM,11/9/2020 5:00:00 AM,,Yes,,,,Maintenance and Restoration,,,,1264242.08578054,338889.012892872
30,1b6c8a9c-0b3d-43f2-a922-130070fe0f0b,RT2209,DNR - MPS - Tuckahoe State Park,Tuckahoe Trail Labor 2022,,2022,38272,Hiring,,District 2,Caroline,"Hire one Long-Term Contractual (12 months) Lead Trail Technician to complete tasks that focus on the sustainable construction, maintenance and restoration of the almost 50 miles of trails throughout the areas of the Tuckahoe Complex, including Tuckahoe State Park, Martinak State Park, Wye Island NRMA, and Sassafras NRMA.",36,,Non-motorized,Hike/Bike/Horse,Maintenance,3,Land,Yes,,,,,,,Yes,,,,Maintenance and Restoration,,Yes,,1615160.5949077,467577.045142171
31,397ba68a-ba5d-4b09-ae84-7cd5291bda79,RT1903,Garrett County Board of County Commissioners,Meadow Mt - New Germany Road to Otto Lane,,2019,80000,Closeout,,District 6,Garrett,,1A,11/29/2021 5:00:00 AM,Diverse,Snowmobile,Maintenance,4,Land,No,No,1/3/2019 5:00:00 AM,,5/23/2019 4:00:00 AM,10/3/2019 4:00:00 AM,8/9/2021 4:00:00 AM,Yes,,,,Maintenance and Restoration,,,,714499.007903042,729409.736204864
32,017f66e3-4ef4-43a0-8eed-59d8794dbefa,RT2023,Accokeek Foundation,Piscataway Park Trail Improvements,,2020,61472,Closeout,,District 3,Prince George's,,26,1/16/2024 5:00:00 AM,Non-motorized,Hike only,Maintenance,3,Land,,,5/1/2020 4:00:00 AM,,2/3/2022 5:00:00 AM,2/14/2022 5:00:00 AM,2/18/2022 5:00:00 AM,Yes,,,,Maintenance and Restoration,,,,1297971.98786713,372540.422775984
33,6eed894b-d359-4c00-88c5-d4ad6413d16a,RT1901,Audubon Naturalist Society,Nature Trail for All,,2019,223106,Closeout,,District 3,Montgomery,,18,11/29/2021 5:00:00 AM,Non-motorized,Hike only,New Trail,5,Land,No,Yes,11/19/2018 5:00:00 AM,,1/23/2019 5:00:00 AM,1/28/2019 5:00:00 AM,,Yes,,,,New Trail,,,,1293998.74517708,486624.194753806
34,e2124465-9762-4703-922d-547e0f7b78ff,RT1902,Allegany County Department of Public Works,Borden Tunnel Solar Lighting,,2019,146400,Closeout,,District 6,Allegany,,1B,1/19/2021 5:00:00 AM,Non-motorized,Hike/Bike/Horse,Amenities,4,Land,No,No,1/3/2019 5:00:00 AM,,3/22/2019 4:00:00 AM,3/26/2019 4:00:00 AM,,Yes,,,,Trail Amenities and Signage,,,,772057.382617154,741764.711285697
35,1aac4e28-cb39-4eaa-80a2-43c9448efb72,RT1908,DNR - MPS - Dans Mountain State Park,Dans Mountain Perimeter Trail,,2019,184000,Closeout,n/a,District 6,Allegany,"a natural surface singletrack recreational trail circumnavigating Dans Mountain State Park, connecting to its primary developed facilities: pool, Dye School interpretive site, fishing pond, shelters, and group camping areas.",1A,5/3/2023 4:00:00 AM,Non-motorized,Hike/Bike,New Trail,3,Land,No,No,12/19/2018 5:00:00 AM,12/31/2022 5:00:00 AM,7/29/2019 4:00:00 AM,,5/3/2023 4:00:00 AM,Yes,GPS,,,New Trail,,,,763085.913005613,694602.567117902
36,83c01d81-e0d5-46e3-8d41-770c7229cc74,RT1911,DNR - MPS - Gunpowder State Park,Gunpowder Hereford Trail Crew 2019,,2019,25152,Closeout,,District 4,Baltimore,,7,12/22/2022 5:00:00 AM,Non-motorized,Hike only,Maintenance,2,Land,No,No,12/19/2018 5:00:00 AM,9/30/2022 4:00:00 AM,9/13/2019 4:00:00 AM,,12/12/2022 5:00:00 AM,Yes,,,,Maintenance and Restoration,,,,1415153.9418511,707563.743042989
38,58656ac5-5cfa-4833-94ed-89d4c24dc186,RT1923,Town of Mount Airy,Old Main Line Central Branch Trail Boardwalk,,2019,321000,Closeout,,District 7,Carroll,,4,1/23/2023 5:00:00 AM,Non-motorized,Hike/Bike,New Trail with Structure,4,Land,Yes,Yes,7/11/2019 4:00:00 AM,,2/26/2019 5:00:00 AM,4/30/2020 4:00:00 AM,1/11/2023 5:00:00 AM,Yes,,,,New Trail,,Yes,,1269371.95943551,622519.506701399
39,d2f62179-1ca8-4685-b082-3a3c053acb25,RT1920,Town of Easton,Easton Rail Trail Spur,,2019,946897,Procurement / Construction,,District 2,Talbot,,37B,,Non-motorized,Hike/Bike,New Trail,5,Land,No,Yes,4/1/2019 4:00:00 AM,6/30/2023 4:00:00 AM,10/10/2019 4:00:00 AM,,2/9/2022 5:00:00 AM,Yes,,,,New Trail,,,,1575490.04071577,402229.581026197
40,c194143e-3cfb-48d4-85f1-e07b6550349b,RT1802,Pickering Creek Audubon Center,Exploring Native Meadow,"11450 Audubon Ln, Easton, MD 21601",2018,112950,Closeout,,District 2,Talbot,Construction of a viewing platform and installation of wayfinding signage.,37B,8/31/2021 4:00:00 AM,Non-motorized,Hike only,Amenities,0,Land,No,No,4/23/2018 4:00:00 AM,9/30/2021 4:00:00 AM,8/31/2018 4:00:00 AM,10/4/2018 4:00:00 AM,,Yes,,,,Trail Amenities and Signage,,,,1560602.8872859,436438.139629635
41,98ac74e9-ac78-4d97-a2ef-c0d850a5db44,RT1803,DNR - MFS - Savage River State Forest,St. Johns Rock Maintenance 2018,,2018,28488,Closeout,,District 6,Garrett,,1A,7/15/2022 4:00:00 AM,Motorized,OHV/Motorbike/Truck,Maintenance,4,Land,No,No,5/29/2018 4:00:00 AM,6/30/2022 4:00:00 AM,7/11/2018 4:00:00 AM,,,Yes,,,,Maintenance and Restoration,,,,754835.259866134,731337.249897845
42,a0b13847-45b2-491e-ae75-ca47ededd0f4,RT1812,DNR - MPS - Patuxent River State Park,Gather Farm Trail,,2018,30000,Closeout,,District 3,Montgomery,,14,,Non-motorized,Hike/Bike/Horse,New Trail with Structure,3,Land,Yes,No,6/14/2018 4:00:00 AM,12/31/2022 5:00:00 AM,8/31/2020 4:00:00 AM,3/14/2022 4:00:00 AM,1/10/2022 5:00:00 AM,Yes,GPS,,,New Trail,,Yes,,1289053.54317138,575175.806045353
43,c0578ca8-9eaa-49b5-aa64-c97718001a4e,RT1813,DNR - MPS - Patapsco Valley State Park,Bloede Trail Connector,,2018,29760,Closeout,,District 4,Baltimore,,12,7/29/2021 4:00:00 AM,Non-motorized,Hike/Bike/Horse,New Trail with Structure,3,Land,No,No,6/14/2018 4:00:00 AM,12/31/2021 5:00:00 AM,4/19/2019 4:00:00 AM,,,Yes,,,,New Trail,,,,1380907.67354065,575626.012938224
44,1b0e84fc-3b92-4a55-8a0f-656a0c088f29,RT1816,DNR - MPS - Gunpowder State Park,Torrey Brown Trail Crew 2018,,2018,29998,Closeout,,District 4,Baltimore,,7,6/30/2022 4:00:00 AM,Non-motorized,Hike/Bike/Horse,Maintenance,4,Land,No,No,6/14/2018 4:00:00 AM,6/30/2022 4:00:00 AM,4/4/2019 4:00:00 AM,,1/14/2022 5:00:00 AM,Yes,,,,Maintenance and Restoration,,,,1416540.00313329,712573.958023074
45,48a8b180-0ab7-40c6-8f68-cf3fb80bc816,RT2207,Friends of Patapsco Valley State Park,OEC Connector Trail,,2022,63500,Construction / Invoicing,,District 7,Howard,Construction of a two-mile natural surface trail connecting to Hollofield area of Patapsco Valley State Park to Sylvan Lane in Ellicott City. A trailhead kiosk and trail markers will also be installed.,9B,,Non-motorized,Hike/Bike/Horse,New Trail with Structure,3,Land,Yes,Yes,,,,,,Yes,GPS,,,New Trail,,Yes,,1372575.38333139,589506.125636111
47,fe766d70-8d5e-45e3-8dbc-95052e5756af,RT2002,Audubon Naturalist Society,Nature Trail Accessible Parking and Bathrooms,,2020,50000,Closeout,,District 3,Montgomery,"This project will install two wheelchair accessible composting restrooms at the trailhead, two accessible parking spaces for vehicles, and an accessible bus pull-off.",18,11/29/2021 5:00:00 AM,Non-motorized,Hike only,Amenities,5,Land,No,Yes,11/4/2019 5:00:00 AM,,10/17/2019 4:00:00 AM,11/12/2019 5:00:00 AM,,Yes,,,,Trail Amenities and Signage,,,,1294138.97907877,486598.285895757
48,9d14c3ec-b84e-4f21-b02d-9f2207c1e534,RT2004,DNR - MFS - Elk Neck State Forest,Elk Neck Labor 2020,,2020,64336,Closeout,,District 2,Cecil,"This project will maintain the entire 16-mile hiking trail and 11-mile access trail system at the State Forest.  The surface of all trails will be evaluated, and repairs made for sustainability, erosion and accessibility issues.",35A,9/27/2023 4:00:00 AM,Non-motorized,Hike/Bike,Maintenance,3,Land,,,4/5/2021 4:00:00 AM,,6/15/2020 4:00:00 AM,,,Yes,,,,Maintenance and Restoration,,,,1617682.3402696,697977.691275485
49,fbb4146d-2216-4a0d-abc2-0f0ad3fcf898,RT2007,DNR - MPS - Fair Hill NRMA,Fair Hill Labor 2020,,2020,35502,Closeout,,District 2,Cecil,This project will employ one long-term contractual lead trail technician.  The duties will be to focus on sustainable maintenance and restoration of the 80+ mile trail system.,35A,8/10/2023 4:00:00 AM,Non-motorized,Hike/Bike/Horse,Maintenance,4,Land,,,11/27/2019 5:00:00 AM,,8/18/2020 4:00:00 AM,,7/14/2023 4:00:00 AM,Yes,GPS,,,Maintenance and Restoration,,,,1634223.84659922,745055.950033508
50,895a1ad7-44e2-4ad2-a936-7a140d1229df,RT1913,DNR - MPS - Fair Hill NRMA,Fair Hill Labor 2019,,2019,29872,Closeout,,District 2,Cecil,,35A,3/25/2022 4:00:00 AM,Non-motorized,Hike/Bike/Horse,Maintenance,4,Land,No,No,12/19/2018 5:00:00 AM,3/31/2022 4:00:00 AM,6/18/2019 4:00:00 AM,,,Yes,,,,Maintenance and Restoration,,,,1634223.84728475,745055.949651306
51,51ecf7da-6809-4f1a-871a-2f23835af41b,RT1811,DNR - MPS - Fair Hill NRMA,Fair Hill Labor 2018,,2018,29998,Closeout,,District 2,Cecil,,35A,8/17/2021 4:00:00 AM,Non-motorized,Hike/Bike/Horse,Maintenance,4,Land,No,No,7/5/2018 4:00:00 AM,12/31/2021 5:00:00 AM,6/6/2019 4:00:00 AM,,,Yes,,,,Maintenance and Restoration,,,,1634223.84728475,745055.949651297
52,1bd295c4-4e00-4de1-b9e3-2d8890ba0893,RT1724,DNR - MPS - Fair Hill NRMA,Fair Hill Labor 2017,,2017,30000,Closeout,,District 2,Cecil,,35A,1/31/2020 5:00:00 AM,Non-motorized,Hike/Bike/Horse,Maintenance,4,Land,No,No,4/10/2017 4:00:00 AM,,2/21/2017 5:00:00 AM,,,Yes,,,,Maintenance and Restoration,,,,1634223.84728475,745055.949651306
53,135f460a-cee7-46a4-9586-b30fb0f070ee,RT1632,DNR - MPS - Fair Hill NRMA,Fair Hill Labor 2016,,2016,29922,Closeout,,District 2,Cecil,,35A,1/31/2020 5:00:00 AM,Non-motorized,Hike/Bike/Horse,Maintenance,4,Land,No,No,2/16/2016 5:00:00 AM,,3/4/2016 5:00:00 AM,,,Yes,,,,Maintenance and Restoration,,,,1634223.84659922,745055.950033508
54,63c0b180-4ab4-4839-99b7-33a2d68d3e19,RT1907,DNR - MFS - Elk Neck State Forest,Elk Neck Labor 2019,,2019,93661,Closeout,,District 2,Cecil,,35A,8/3/2022 4:00:00 AM,Diverse,Hike/Bike,Maintenance,4,Land,No,No,11/21/2018 5:00:00 AM,6/30/2022 4:00:00 AM,5/31/2019 4:00:00 AM,,9/13/2021 4:00:00 AM,Yes,,,,Maintenance and Restoration,,,,1617682.3402696,697977.691275485
55,a545e44f-d870-4caa-b711-c0d0cc7a922f,RT1807,DNR - MFS - Elk Neck State Forest,Elk Neck Labor 2018,,2018,42261,Closeout,,District 2,Cecil,,35A,3/9/2021 5:00:00 AM,Diverse,Hike/Bike,Maintenance,4,Land,No,No,5/29/2018 4:00:00 AM,,7/7/2018 4:00:00 AM,,,Yes,,,,Maintenance and Restoration,,,,1617682.3402696,697977.691275485
56,364b914e-c4f1-4e91-9d13-78f6bf027920,RT1733,DNR - MFS - Elk Neck State Forest,Elk Neck Labor 2017,,2017,30000,Closeout,,District 2,Cecil,,35A,3/14/2019 4:00:00 AM,Diverse,Hike/Bike,Maintenance,4,Land,No,No,4/10/2017 4:00:00 AM,,2/21/2017 5:00:00 AM,,,Yes,,,,Maintenance and Restoration,,,,1617682.3402696,697977.691275485
57,2ca70aee-ef75-459c-bdb8-c40bea47a95f,RT1629,DNR - MFS - Elk Neck State Forest,Elk Neck Labor 2016,,2016,27000,Closeout,,District 2,Cecil,,35A,3/5/2018 5:00:00 AM,Diverse,Hike/Bike,Maintenance,4,Land,No,No,2/16/2016 5:00:00 AM,,3/2/2016 5:00:00 AM,,,Yes,,,,Maintenance and Restoration,,,,1617682.3402696,697977.691275485
58,aa1da0df-de03-4a31-a4b9-055335adf665,RT1820,Mid-Atlantic Off Road Enthusiasts,Patuxent Trail System Phase 1,,2018,133826,Closeout,,District 3,Montgomery,,14,11/23/2022 5:00:00 AM,Non-motorized,Hike/Bike/Horse,New Trail with Structure,3,Land,Yes,No,8/20/2018 4:00:00 AM,6/30/2022 4:00:00 AM,9/4/2019 4:00:00 AM,9/20/2019 4:00:00 AM,12/15/2021 5:00:00 AM,Yes,,,,New Trail,,,,1271324.08521483,593023.0222786
59,51f9e8ad-f976-425b-997b-00445c545aa7,RT2107,Mid-Atlantic Off Road Enthusiasts,Patuxent Trail System Phase 2,,2021,106000,Closeout,,District 3,Montgomery,"The proposed Phase 2 would add approx 2.5 miles of new trail to Patuxent River State Park (PRSP), and increase the quantity and quality of available parking.",14,,Non-motorized,Hike/Bike/Horse,New Trail with Structure,3,Land,Yes,Yes,1/27/2021 5:00:00 AM,,,,,Yes,,,,New Trail,,,,1271324.08521483,593023.022278594
60,5dff6c0e-d46b-439f-87e1-239d551157a2,RT2012,DNR - MPS - Patapsco Valley State Park,Patapsco Trail Labor 2020,,2020,60480,Closeout,,District 7,Howard,"This project will support contractual staff for maintenance and operation of the 200+ miles of trails in the Howard, Carroll, and Baltimore County zones of Patapsco Valley State Park.",9A,6/15/2023 4:00:00 AM,Non-motorized,Hike/Bike/Horse,Maintenance,3,Land,,,11/27/2019 5:00:00 AM,,8/20/2020 4:00:00 AM,,,Yes,,,,Maintenance and Restoration,,,,1371528.08064848,593419.185221381
61,895b7621-29c6-4bc1-8477-cbf7988925b8,RT1912,DNR - MPS - Patapsco Valley State Park,Patapsco Trail Labor 2019,,2019,50000,Closeout,,District 7,Howard,,9A,3/11/2022 5:00:00 AM,Non-motorized,Hike/Bike/Horse,Maintenance,3,Land,No,No,12/19/2018 5:00:00 AM,3/31/2022 4:00:00 AM,9/10/2019 4:00:00 AM,,2/7/2022 5:00:00 AM,Yes,,,,Maintenance and Restoration,,,,1371528.08159776,593419.184838302
62,16496aca-0e28-4b27-9f94-9f9bc2fcf78b,RT1730,DNR - MPS - Patapsco Valley State Park,Patapsco Trail Labor 2017,,2017,77920,Closeout,,District 7,Howard,,9A,6/30/2020 4:00:00 AM,Non-motorized,Hike/Bike/Horse,Maintenance,3,Land,No,No,4/10/2017 4:00:00 AM,,2/17/2017 5:00:00 AM,,,Yes,,,,Maintenance and Restoration,,,,1371528.08064848,593419.185221381
63,b789d050-79e2-49a3-ba72-3656caa3faf6,RT1634,DNR - MPS - Patapsco Valley State Park,Patapsco Trail Labor 2016,,2016,29760,Closeout,,District 7,Howard,,9A,10/31/2019 4:00:00 AM,Non-motorized,Hike/Bike/Horse,Maintenance,3,Land,No,No,2/16/2016 5:00:00 AM,,3/4/2016 5:00:00 AM,,,Yes,,,,Maintenance and Restoration,,,,1371528.08159776,593419.184838302
64,3073fbb5-9058-4bda-b1b3-73fd079f44db,RT1817,DNR - MPS - Wolf Den Run State Park,Wolf Den Run Trail Labor 2018,,2018,92787,Closeout,,District 6,Garrett,,1A,3/25/2022 4:00:00 AM,Motorized,OHV/Motorbike/Truck,Maintenance,4,Land,No,No,10/1/2018 4:00:00 AM,3/31/2022 4:00:00 AM,10/1/2018 4:00:00 AM,,,Yes,,,,Maintenance and Restoration,,,,688314.306786268,630053.976104167
65,87bf0283-e747-4407-a271-a860363df2b5,RT1614,Southern Maryland Mountian Bikers,St Marys State Park Beginner Loop,,2016,55240,Construction,,District 5,St. Mary's,,29C,,Non-motorized,Hike/Bike/Horse,New Trail with Structure,3,Land,No,No,5/5/2016 4:00:00 AM,,10/1/2019 4:00:00 AM,1/21/2020 5:00:00 AM,2/18/2022 5:00:00 AM,Yes,,,,New Trail,,,,1444238.56224834,213362.020741199
66,9a3a42cd-b71a-4b19-a0c9-40f8f65dfebb,RT2022,Friends of Patapsco Valley State Park,Patapsco State Park Kiosks and Signage,,2020,62500,Closeout,,District 7,Howard,,9A,12/22/2021 5:00:00 AM,Non-motorized,Hike/Bike/Horse,Kiosks and/or Signage,3,Land,No,No,5/1/2020 4:00:00 AM,,4/1/2020 4:00:00 AM,5/11/2020 4:00:00 AM,,Yes,,,,Trail Amenities and Signage,,,,1371346.14530538,593653.219025906
67,ed9ece65-713b-486a-a316-94aec7274262,RT2011,DNR - MPS - Patapsco Valley State Park,Woodstock Trail Construction,,2020,47600,Closeout,,District 4,Baltimore,This project will reroute the Thru Trail in the Woodstock Area down into the valley and away from private property.  The trail will be sustainably built and include a trail bridge reconstruction.,10,8/10/2023 4:00:00 AM,Non-motorized,Hike/Bike/Horse,New Trail with Structure,3,Land,Yes,No,11/27/2019 5:00:00 AM,,7/21/2020 4:00:00 AM,,7/7/2023 4:00:00 AM,Yes,GPS,,,New Trail,,,,1357282.77109001,603082.588271541
68,126bd383-470a-4818-9028-8eeb28fc7753,RT1814,DNR - MPS - Cunningham Falls State Park,Cunningham Falls Campground Trail Phase 1,,2018,37200,Closeout,,District 7,Frederick,,4,11/10/2022 5:00:00 AM,Non-motorized,Hike/Bike,New Trail,4,Land,No,No,6/14/2018 4:00:00 AM,12/31/2022 5:00:00 AM,6/14/2018 4:00:00 AM,4/2/2019 4:00:00 AM,1/14/2022 5:00:00 AM,Yes,,,,New Trail,,,,1177013.94126618,714941.727864223
69,a28d7457-3577-4253-a118-7a9530255c25,RT1914,DNR - MPS - Cunningham Falls State Park,Cunningham Falls Campground Trail Phase 2,,2019,27600,Procurement,,District 7,Frederick,,4,,Non-motorized,Hike/Bike,New Trail,4,Land,No,No,12/19/2018 5:00:00 AM,6/30/2023 4:00:00 AM,4/4/2019 4:00:00 AM,,,Yes,,,,New Trail,,,,1176977.58091951,714923.858290681
70,4c206243-f539-4c13-96f8-58dc53188136,RT1922,DNR - MPS - Torrey C. Brown Rail Trail,TCBT Bridge Assessment,,2019,185000,Closeout,,District 4,Baltimore,,7,9/20/2022 4:00:00 AM,Non-motorized,Hike/Bike/Horse,Assessment,4,Land,No,No,3/18/2019 4:00:00 AM,6/30/2022 4:00:00 AM,2/20/2019 5:00:00 AM,,4/26/2021 4:00:00 AM,Yes,,,,Other,,,,1416540.00313329,712573.958023074
71,1ad3fee3-5862-40da-b88d-ff0871876c95,RT1801,Adkins Arboretum,South Meadow Trail Platform,,2018,55250,Closeout,,District 2,Caroline,,36,10/22/2019 4:00:00 AM,Non-motorized,Hike only,Amenities,0,Land,No,No,4/25/2018 4:00:00 AM,,3/6/2019 5:00:00 AM,3/21/2019 4:00:00 AM,,Yes,,,,Trail Amenities and Signage,,,,1614663.08642604,470081.066305097
72,2102a317-ecf2-4520-b48b-21376c6f8313,RT1815,DNR - MPS - Western Maryland Rail Trail,WMRT/Fort Frederick Signage,,2018,28980,Closeout,,District 6,Washington,,1C,6/30/2022 4:00:00 AM,Non-motorized,Hike/Bike/Horse,Kiosks and/or Signage,5,Land,No,No,6/14/2018 4:00:00 AM,6/30/2022 4:00:00 AM,12/7/2018 5:00:00 AM,,6/30/2021 4:00:00 AM,Yes,,,,Trail Amenities and Signage,,,,1025658.21705292,714669.101122312
73,3675bc04-82b7-43a5-8997-4081879d0476,RT1452,DNR - MPS - Janes Island State Park,Marine Recreation and Education,,2014,19971,Closeout,,District 1,Somerset,,38A,12/12/2018 5:00:00 AM,Non-motorized,Kayak/Canoe/Paddle Board,Education,0,Water,No,No,,,,,,Yes,,,,Education,,,,1644222.61782154,127022.314563871
74,72e6421c-55bc-48af-aab1-423ee5e22632,RT1704,Calvert County Board of Commissioners,Lower Marlboro Floating Dock,,2017,33000,Closeout,,District 5,Calvert,,27B,4/5/2019 4:00:00 AM,Non-motorized,Kayak/Canoe/Paddle Board,Water Access,0,Water,No,No,7/7/2017 4:00:00 AM,,2/8/2017 5:00:00 AM,4/16/2018 4:00:00 AM,,Yes,,,,Water Access,,,,1402784.53889628,360395.296704353
75,96441b2e-8593-4809-8537-b3479b78aa26,RT1701,Annapolis Maritime Museum,Ellen O Moyer Park Trail Restoration,,2017,26754,Closeout,,District 5,Anne Arundel,,30A,7/21/2022 4:00:00 AM,Non-motorized,Hike only,Maintenance,4,Land,No,No,7/7/2017 4:00:00 AM,6/30/2022 4:00:00 AM,12/11/2017 5:00:00 AM,1/26/2018 5:00:00 AM,6/24/2022 4:00:00 AM,Yes,,,,Maintenance and Restoration,,,,1460705.03926799,472020.112067545
76,b34b99ee-4923-4a2d-8a1d-b59ca126599a,RT1705,Cylburn Arboretum,Arboretum Trail Improvements,,2017,343300,Closeout,,No District,Baltimore City,,41,9/21/2020 4:00:00 AM,Non-motorized,Hike only,Maintenance,4,Land,No,No,7/7/2017 4:00:00 AM,,1/4/2018 5:00:00 AM,1/26/2018 5:00:00 AM,,Yes,,,,Maintenance and Restoration,,,,1409824.64489725,613905.381969429
77,f28fbd4f-f2b4-429e-b2b7-691b57de1a90,RT1706,Town of Federalsburg,Marshyhope Creek Greenway Trail Signage,,2017,7980,Closeout,,District 2,Caroline,,37B,10/25/2019 4:00:00 AM,Non-motorized,Hike/Bike,Kiosks and/or Signage,4,Land,No,No,7/7/2017 4:00:00 AM,,4/6/2017 4:00:00 AM,7/28/2017 4:00:00 AM,,Yes,,,,Trail Amenities and Signage,,,,1663312.86578435,374276.450454883
78,59b5a0ca-aaeb-4dd4-9811-d7786eb5dad2,RT1708,City of Frostburg,GAP Trailhead Amenities,,2017,16800,Closeout,,District 6,Allegany,,1B,6/28/2021 4:00:00 AM,Non-motorized,Hike/Bike/Horse,Amenities,5,Land,No,No,7/7/2017 4:00:00 AM,,5/8/2017 4:00:00 AM,8/17/2017 4:00:00 AM,,Yes,,,,Trail Amenities and Signage,,,,770715.805080333,730667.43487144
79,c2df5318-c909-4d08-a243-ae83d1b4a376,RT1710,Howard County Conservancy,Accessible Trail Improvement Phase 3,,2017,29000,Closeout,,District 7,Howard,,9A,4/24/2019 4:00:00 AM,Non-motorized,Hike only,Maintenance,5,Land,No,No,7/7/2017 4:00:00 AM,,5/11/2018 4:00:00 AM,5/18/2018 4:00:00 AM,,Yes,,,,Maintenance and Restoration,,,,1347932.52776947,600598.778704057
80,84bf0d68-82f4-4a12-965c-d3e49f317ab3,RT1605,Howard County Conservancy,Accessible Trail Improvement Phase 2,,2016,24800,Closeout,,District 7,Howard,,9A,12/17/2018 5:00:00 AM,Non-motorized,Hike only,Maintenance,5,Land,No,No,5/5/2016 4:00:00 AM,,6/10/2016 4:00:00 AM,8/3/2016 4:00:00 AM,,Yes,,,,Maintenance and Restoration,,,,1347932.52776947,600598.778704072
81,43fa7bac-55ac-4ef7-81f5-8acc14c246de,RT1712,Irvine Nature Center,Bauer Preserve Trail Construction,,2017,34450,Closeout,,District 4,Baltimore,,11,1/8/2019 5:00:00 AM,Non-motorized,Hike only,New Trail with Structure,4,Land,No,No,3/15/2018 4:00:00 AM,,11/22/2017 5:00:00 AM,3/16/2018 4:00:00 AM,,Yes,,,,New Trail,,,,1379317.53766755,643379.313125946
82,a4eee60c-2f2c-4b21-96a5-1b13dc7add0e,RT1715,Mid-Atlantic Off Road Enthusiasts,Frederick Watershed Trail Construction,,2017,58500,Closeout,,District 7,Frederick,,4,2/4/2020 5:00:00 AM,Non-motorized,Hike/Bike,New Trail,3,Land,No,No,11/26/2018 5:00:00 AM,,2/12/2019 5:00:00 AM,2/22/2019 5:00:00 AM,,Yes,,,,New Trail,,,,1178758.24159727,664447.781863041
83,3c614ba5-adea-4132-96b3-b150bf64486e,RT1716,Mid-Atlantic Off Road Enthusiasts,Rivers Edge Trail System Construction Phase 1,"13th Ave., Brunswick, MD",2017,31250,Closeout,,District 7,Frederick,,4,10/2/2020 4:00:00 AM,Non-motorized,Hike/Bike,New Trail with Structure,3,Land,No,No,2/20/2018 5:00:00 AM,,7/14/2017 4:00:00 AM,2/26/2018 5:00:00 AM,,Yes,,,,New Trail,,,,1140645.64868929,600459.237758374
84,138a2a5f-0a73-4256-9e2b-435aded60b52,RT1717,Pocomoke City,Pocomoke River Trail Restoration,,2017,40000,Closeout,,District 1,Worcester,,38A,11/27/2019 5:00:00 AM,Non-motorized,Hike/Bike,Maintenance,4,Land,No,No,9/16/2018 4:00:00 AM,,11/16/2018 5:00:00 AM,11/20/2018 5:00:00 AM,,Yes,,,,Maintenance and Restoration,,,,1725160.19264718,154431.119816266
85,7ca096d8-d732-4a27-b670-26d18719cad5,RT1719,Historic Sotterley,Historic Sotterley Trail Restoration,,2017,4600,Closeout,,District 5,St. Mary's,,29A,5/4/2020 4:00:00 AM,Non-motorized,Hike only,Maintenance,3,Land,No,No,3/18/2019 4:00:00 AM,,7/15/2019 4:00:00 AM,9/5/2019 4:00:00 AM,,Yes,,,,Maintenance and Restoration,,,,1443301.30728091,258397.618170192
86,ff2f38f7-6da0-4ee2-b73b-53365fbf5def,RT1612,Historic Sotterley,Nature Trail Maintenance,,2016,30000,Closeout,,District 5,St. Mary's,,29A,1/4/2019 5:00:00 AM,Non-motorized,Hike only,Maintenance,3,Land,No,No,5/5/2016 4:00:00 AM,,10/12/2016 4:00:00 AM,5/31/2016 4:00:00 AM,,Yes,,,,Maintenance and Restoration,,,,1443301.30728091,258397.618170189
87,7873edd9-57d8-49e6-9bb3-ccfc9f1b91e7,RT1720,Town of Thurmont,Thurmont Trolley Trail Kiosk,,2017,5089,Closeout,,District 7,Frederick,,4,11/19/2019 5:00:00 AM,Non-motorized,Hike/Bike,Kiosks and/or Signage,5,Land,No,No,3/9/2018 5:00:00 AM,,2/23/2018 5:00:00 AM,3/27/2018 4:00:00 AM,,Yes,,,,Trail Amenities and Signage,,,,1197222.95169322,712696.694077655
88,34cee216-3e83-42f1-92a9-616649d6d2db,RT1711,Howard County Office of Transportation,Bicycle and Pedestrian Counters,,2017,27744,Closeout,,District 7,Howard,,13,7/21/2022 4:00:00 AM,Non-motorized,Hike/Bike,Assessment,5,Land,No,No,7/7/2017 4:00:00 AM,6/30/2022 4:00:00 AM,3/24/2017 4:00:00 AM,11/3/2017 4:00:00 AM,,Yes,,,,Other,,,,1368566.37437859,552746.487334719
89,96350d5e-fd62-405d-b3f8-fe5d6072d293,RT2006,DNR - MFS - Potomac-Garrett State Forest,Snaggy Mountain Snowmobile Trail Rehabilitation,,2020,95000,Design,,District 6,Garrett,This project will rehabilitate six miles of snowmobile trails at the State Forest complex.  The work will include improvements to the tread and replacement or critical maintenance to three trail bridges.,1A,,Motorized,Snowmobile,Maintenance,4,Land,Yes,Yes,4/5/2021 4:00:00 AM,,,,,Yes,,,,Maintenance and Restoration,,,,616625.794184734,660494.72548924
90,64e44439-ccae-435f-91de-10b9d347a69b,RT2014,DNR - MFS - Potomac-Garrett State Forest,5.5 Mile Trail Rehabilitation,,2020,125000,Design,,District 6,Garrett,This project will rehabilitate the 5.5 Mile Trail in Garrett State Forest that links Herrington Manor State Park to Swallow Falls State Park.  The work will include replacement or critical maintenance on seven trail bridges.,1A,,Non-motorized,Hike/Bike/Snowshoe/X-Country Ski,Maintenance,3,Land,Yes,Yes,4/5/2021 4:00:00 AM,,,,,Yes,,,,Maintenance and Restoration,,,,620812.737737013,662076.898485297
91,47b80fc9-220e-42dd-8220-b6effb98054e,RT2111,DNR - MPS - Greenbrier State Park,Greenbrier Trail System Upgrades,,2021,60000,Design / NEPA,,District 6,Washington,This project will include the construction of three trail reroutes and two bridges in Greenbrier State Park.  This project will include staff and volunteers rerouting a segment of the Snelling Fire Trail and the Water Tank Trail and utilize a contractor to reroute the segment of the Big Red Trail where it connects to the Mountain Laurel Road parking lot side trail to the northern end of the current Big Red Trail.,2A,,Non-motorized,Hike/Bike,New Trail with Structure,3,Land,Yes,No,4/12/2021 4:00:00 AM,,,,,Yes,,,,New Trail,,,,1136055.29886836,685922.989887131
92,846ce622-7c6a-40d3-ab65-19c9fc67a8da,RT1622,DNR - MPS - Greenbrier State Park,Greenbrier Red Trail Extension,,2016,39000,Closeout,,District 6,Washington,,2A,3/9/2021 5:00:00 AM,Non-motorized,Hike/Bike,New Trail with Structure,3,Land,No,No,2/16/2016 5:00:00 AM,,8/21/2018 4:00:00 AM,,,Yes,,,,New Trail,,,,1138715.31937072,683410.835529223
93,c7c41386-5ccd-4c3d-a19a-78ab5715a08a,RT2115,DNR - MPS - Tuckahoe State Park,Tuckahoe Valley Trail Bridge Reroute,,2021,47500,Design,,District 2,Caroline,"Project will replace a long-failing bridge along the Tuckahoe Valley Trail across an unnamed tributary to Tuckahoe Creek, moving the crossing location upstream.",36,,Non-motorized,Hike/Bike/Horse,New Trail with Structure,3,Land,Yes,No,4/12/2021 4:00:00 AM,,,,,Yes,,,,New Trail,,,,1612459.30889505,465255.538656894
95,a57ddba9-49d0-473a-bd52-ec79429d2053,RT2003,DNR - MPS - Deep Creek Lake State Park,Deep Creek Trail Resurfacing and Vault Toilet,,2020,29000,Closeout,,District 6,Garrett,"This project will purchase and install a new vault toilet, trail counters, and bulletin board at the trailhead.  In addition, 1,000 linear feet of 8-foot wide trail tread surface will be restored.",1A,11/21/2022 5:00:00 AM,Diverse,Hike/Bike,Maintenance,3,Land,No,Yes,11/27/2019 5:00:00 AM,,6/18/2020 4:00:00 AM,,8/9/2021 4:00:00 AM,Yes,,,,Maintenance and Restoration,,,,659098.324246358,688378.321076241
96,e0b497a1-730e-453b-b1eb-b3654569c5da,RT2005,DNR - MFS - Potomac-Garrett State Forest,Potomac Garrett SF Trail Maintenance 2020,,2020,42051,Closeout,,District 6,Garrett,This project will support contractual staff for maintenance and operation of the 80+ miles of trails at the State Forest complex.,1A,4/10/2023 4:00:00 AM,Diverse,OHV/Motorbike/Truck,Maintenance,3,Land,,,4/5/2021 4:00:00 AM,,6/9/2020 4:00:00 AM,,11/16/2022 5:00:00 AM,Yes,,,,Maintenance and Restoration,,,,667076.592150554,631715.746037657
97,4f63a0aa-270e-4d81-b5c6-0a21fabc16f9,RT2010,DNR - MFS - Southern Region State Forest,Southern Region SF Trail Maintenance 2020,,2020,34990,Closeout,,District 5,St. Mary's,This project will allow the Forest Service to continue to maintain 30 miles of trails and six trailhead parking areas on four Southern Region State Forests.,29C,6/12/2023 4:00:00 AM,Diverse,Hike/Bike/Horse,Maintenance,3,Land,,,4/5/2021 4:00:00 AM,,6/18/2020 4:00:00 AM,,2/18/2022 5:00:00 AM,Yes,,,,Maintenance and Restoration,,Yes,,1435468.23817104,210386.596592321
98,dfd096ee-86aa-4a32-a3f9-764823b2dbe1,RT2015,DNR - MPS - Rocky Gap State Park,Rocky Gap Trail Crew 2020,,2020,39180,Closeout,,District 6,Allegany,This project will provide the park with the continued labor budget it needs to employ a trail crew to complete routine maintenance on 18 miles of multi-use doubletrack and singletrack trails.,1B,11/28/2022 5:00:00 AM,Non-motorized,Hike/Bike,Maintenance,3,Land,,,11/27/2019 5:00:00 AM,,8/28/2020 4:00:00 AM,,,Yes,,,,Maintenance and Restoration,,,,847048.534983425,746850.893937621
99,16b4b9af-babb-4d66-b4db-862de60f86ab,RT1909,DNR - MPS - Rocky Gap State Park,Rocky Gap Trail Crew 2019,,2019,39180,Closeout,,District 6,Allegany,,1B,3/25/2022 4:00:00 AM,Non-motorized,Hike/Bike,Maintenance,3,Land,,,12/19/2018 5:00:00 AM,3/31/2022 4:00:00 AM,4/25/2019 4:00:00 AM,,,Yes,,,,Maintenance and Restoration,,,,850101.011073467,752046.065314043
100,850213c9-1355-451a-adb2-875c44fb7100,RT1738,DNR - MPS - Rocky Gap State Park,Trail Equipment,Rocky Gap State Park,2017,30000,Closeout,,District 6,Allegany,Purchase of a brush chipper for trail maintenance.,1B,3/3/2022 5:00:00 AM,Non-motorized,Hike/Bike,Equipment Lease,3,Land,No,No,4/10/2017 4:00:00 AM,,3/10/2021 5:00:00 AM,,10/15/2021 4:00:00 AM,Yes,,,,Other,,,,850101.011073467,752046.065314043
101,faa36ef1-dcb3-44f7-a5ac-6a939e13805b,RT2008,DNR - MPS - Fair Hill NRMA,Fair Hill Carriage Trail Resurfacing,,2020,30000,Closeout,,District 2,Cecil,"This project will restore and resurface 10,200 linear feet of doubletrack carriage trails with six inches of recycled crush concrete.",35A,6/12/2023 4:00:00 AM,Non-motorized,Hike/Bike/Horse,Maintenance,4,Land,No,No,11/27/2019 5:00:00 AM,,8/28/2020 4:00:00 AM,,3/23/2021 4:00:00 AM,Yes,,,,Maintenance and Restoration,,Yes,,1642789.22380903,737782.949675618
102,51dfc3f9-3e84-417f-ab4a-08e92f00e12c,RT1915,DNR - MPS - Fair Hill NRMA,Fair Hill Carriage Trail Resurfacing,,2019,30000,Closeout,,District 2,Cecil,Resurface carriage trails in William Skinner district,35A,6/20/2023 4:00:00 AM,Non-motorized,Hike/Bike/Horse,Maintenance,4,Land,No,No,12/19/2018 5:00:00 AM,12/31/2022 5:00:00 AM,6/6/2019 4:00:00 AM,,8/18/2021 4:00:00 AM,Yes,,,,Maintenance and Restoration,,,,1643841.67545345,747973.304477799
103,6afaf439-6dcb-4b9d-94d4-4d8199b2dde8,RT1910,DNR - MPS - Patapsco Valley State Park,Patapsco Four Segment Trail Construction,,2019,48160,Closeout,,District 7,Howard,,9A,12/13/2021 5:00:00 AM,Non-motorized,Hike/Bike/Horse,New Trail,3,Land,No,No,12/19/2018 5:00:00 AM,,3/22/2019 4:00:00 AM,,,Yes,,,,New Trail,,,,1365839.05308427,599073.505122041
104,7c8c41a2-0f65-4f62-a7da-28a5f411a5c1,RT1906,DNR - MFS - Southern Region State Forest,Southern Region SF Trail Maintenance 2019,,2019,34317,Closeout,,District 5,St. Mary's,,29C,8/31/2021 4:00:00 AM,Non-motorized,Hike/Bike/Horse,Maintenance,3,Land,No,No,11/21/2018 5:00:00 AM,,6/11/2019 4:00:00 AM,,8/30/2021 4:00:00 AM,Yes,,,,Maintenance and Restoration,,,,1435468.23883556,210386.597510742
105,5e344a43-8933-4ae4-bf26-2112a18689b4,RT1808,DNR - MFS - Green Ridge State Forest,Green Ridge SF Trail Maintenance 2018,,2018,29999,Closeout,,District 6,Allegany,,1C,12/1/2020 5:00:00 AM,Non-motorized,Hike/Bike/Horse,Maintenance,2,Land,No,No,5/29/2018 4:00:00 AM,,7/23/2018 4:00:00 AM,,,Yes,,,,Maintenance and Restoration,,,,906074.507190317,731054.06990971
106,85200029-10f8-4c3c-b53d-228a332ce302,RT1725,DNR - MFS - Pocomoke State Forest,Mattaponi Trails and Campsites,,2017,30000,Closeout,,District 1,Worcester,,38A,6/23/2022 4:00:00 AM,Non-motorized,Hike/Bike/Horse,New Trail,3,Land,No,No,4/10/2017 4:00:00 AM,,2/21/2017 5:00:00 AM,,9/8/2021 4:00:00 AM,Yes,,,,New Trail,,,,1753237.39101136,169920.908588211
107,0616647c-d8b4-44b9-92d1-253067925320,RT1728,DNR - MFS - Green Ridge State Forest,Green Ridge SF Trail Maintenance 2017,,2017,30000,Closeout,,District 6,Allegany,,1C,8/24/2020 4:00:00 AM,Non-motorized,Hike/Bike/Horse,Maintenance,2,Land,No,No,4/10/2017 4:00:00 AM,,2/21/2017 5:00:00 AM,,,Yes,,,,Maintenance and Restoration,,,,906074.507190317,731054.06990971
108,27527844-996b-405b-99d7-244a052c5358,RT1731,DNR - MFS - Southern Region State Forest,Southern Region SF Trail Maintenance 2017,,2017,30000,Closeout,,District 5,St. Mary's,,29C,12/11/2018 5:00:00 AM,Non-motorized,Hike/Bike/Horse,Maintenance,3,Land,No,No,4/10/2017 4:00:00 AM,,2/17/2017 5:00:00 AM,,,Yes,,,,Maintenance and Restoration,,,,1435468.23883556,210386.597510742
109,419e8fcb-4597-458c-afdc-c1b8e4d1fa8a,RT1627,DNR - MFS - Southern Region State Forest,Southern Region SF Trail Maintenance 2016,,2016,26300,Closeout,,District 5,St. Mary's,,29C,3/5/2018 5:00:00 AM,Non-motorized,Hike/Bike/Horse,Maintenance,3,Land,No,No,2/16/2016 5:00:00 AM,,5/10/2016 4:00:00 AM,,,Yes,,,,Maintenance and Restoration,,,,1435468.23883556,210386.597510742
110,6a1ecdc1-bbe6-47c2-aac0-9fb3dfe33c4a,RT1621,DNR - MFS - Green Ridge State Forest,Green Ridge SF Trail Maintenance 2016,,2016,30000,Closeout,,District 6,Allegany,,1C,5/11/2018 4:00:00 AM,Non-motorized,Hike/Bike/Horse,Maintenance,2,Land,No,No,2/16/2016 5:00:00 AM,,3/18/2016 4:00:00 AM,,,Yes,,,,Maintenance and Restoration,,,,906074.507190317,731054.06990971
111,b324cb2f-110d-4518-95e6-39f594b115e7,RT1917,DNR - MPS - Tuckahoe State Park,New Little Florida Trail,,2019,120000,Design / NEPA,,District 2,Queen Anne's,,36,,Non-motorized,Hike/Bike/Horse,New Trail with Structure,3,Land,Yes,No,12/19/2018 5:00:00 AM,12/31/2023 5:00:00 AM,10/5/2020 4:00:00 AM,,,Yes,,,,New Trail,,,,1608818.23406564,467119.541099956
112,41471cd0-9570-4e3a-93af-54ce79b4afc7,RT1916,DNR - MPS - Rosaryville State Park,Perimeter Trail Rehabilitation,,2019,40000,Closeout,,District 3,Prince George's,,23B,5/31/2024 4:00:00 AM,Non-motorized,Hike/Bike,New Trail,3,Land,No,No,12/19/2018 5:00:00 AM,12/31/2023 5:00:00 AM,9/30/2019 4:00:00 AM,,5/2/2024 4:00:00 AM,Yes,,,,New Trail,,,,1367821.80000887,406433.59251215
113,d65db1af-89ea-4602-9e56-19cc4a48e2f2,RT1905,DNR - MFS - Potomac-Garrett State Forest,Snaggy Mountain ORV Trail Stabilization,,2019,92472,Closeout,,District 6,Garrett,,1A,8/31/2021 4:00:00 AM,Motorized,OHV/Motorbike/Truck,Maintenance,4,Land,No,No,11/21/2018 5:00:00 AM,,6/11/2019 4:00:00 AM,,8/9/2021 4:00:00 AM,Yes,,,,Maintenance and Restoration,,,,619807.281971918,676248.683425079
114,d923b1d2-6f26-40b2-a672-21dd8c29e20d,RT1918,DNR - MPS - Rosaryville State Park,Charles Branch Bridge Replacement,,2019,43500,Design / NEPA,,District 3,Prince George's,,23B,,Non-motorized,Hike/Bike/Horse,Maintenance,3,Land,Yes,Yes,12/19/2018 5:00:00 AM,6/30/2023 4:00:00 AM,,,,Yes,,,,Maintenance and Restoration,,,,1367867.53482451,402199.541346363
115,c166af3d-2753-447c-b82b-6d8621ad046f,RT1804,DNR - MFS - Pocomoke State Forest,Algonquin Trail Restoration,,2018,30000,Closeout,,District 1,Worcester,,38A,11/9/2022 5:00:00 AM,Diverse,Hike/Bike/Horse,Maintenance,4,Land,No,No,5/29/2018 4:00:00 AM,6/30/2022 4:00:00 AM,8/27/2019 4:00:00 AM,,11/3/2022 4:00:00 AM,Yes,,,,Maintenance and Restoration,,,,1745559.25127356,214935.476130608
116,0462b31f-11f3-4277-9151-eb861a0d5820,RT1805,DNR - MFS - Pocomoke State Forest,North Algonquin Trail Extension,,2018,20014,Closeout,,District 1,Worcester,,38A,5/5/2023 4:00:00 AM,Non-motorized,Hike/Bike/Horse,New Trail,3,Land,No,No,5/29/2018 4:00:00 AM,6/30/2022 4:00:00 AM,8/31/2018 4:00:00 AM,,5/5/2023 4:00:00 AM,Yes,GPS,,,New Trail,,,,1740260.2426836,220834.889074307
117,76d73c70-6260-47c2-a85f-428e301c0e2b,RT1806,DNR - MFS - Southern Region State Forest,Doncaster SF Trail and Parking Restoration,,2018,26986,Closeout,,District 5,Charles,,28,12/10/2019 5:00:00 AM,Diverse,Hike/Bike/Horse,Maintenance,3,Land,No,No,5/29/2018 4:00:00 AM,,7/17/2018 4:00:00 AM,,,Yes,,,,Maintenance and Restoration,,,,1257145.27278471,303798.045023775
118,513ba085-d4b1-4d8d-a540-3895a4c8e7cc,RT1810,DNR - MFS - Potomac-Garrett State Forest,Wallman ORV Trail Stabilization,,2018,33340,Closeout,,District 6,Garrett,,1A,12/12/2019 5:00:00 AM,Motorized,OHV/Motorbike/Truck,Maintenance,4,Land,No,No,5/29/2018 4:00:00 AM,,7/26/2018 4:00:00 AM,,,Yes,,,,Maintenance and Restoration,,,,663056.340056257,617909.021364634
119,2fd7180f-6fb6-49e2-a60d-cfe00bedcc2e,RT1809,DNR - MFS - Potomac-Garrett State Forest,Wallman Snowmobile Trail Stabilization,,2018,31788,Closeout,,District 6,Garrett,,1A,12/10/2019 5:00:00 AM,Motorized,Snowmobile,Maintenance,3,Land,No,No,5/29/2018 4:00:00 AM,,7/26/2018 4:00:00 AM,,,Yes,,,,Maintenance and Restoration,,,,663056.340056257,617909.021364634
126,df0ee9c0-94ef-4ee8-a3e5-fe74f311e0ad,RT1529,DNR - MPS - Palmer State Park,Palmer State Park Trail System,,2015,35175,Closeout,,District 4,Harford,,35B,1/31/2020 5:00:00 AM,Non-motorized,Hike/Bike/Horse,New Trail,3,Land,,,,,,,,Yes,,,,New Trail,,,,1515735.28131979,712834.80705778
127,9696d7db-6746-4e1b-9d56-443c87fc8d64,RT1633,DNR - MFS - Pocomoke State Forest,Furnace Loop Trail System,,2016,28121,Closeout,,District 1,Worcester,,38A,12/11/2018 5:00:00 AM,Non-motorized,Hike/Bike/Horse,New Trail,3,Land,,,,,,,,Yes,,,,New Trail,,,,1751847.25620248,198673.653589439
128,e4b344dd-0f30-4adc-bb05-1fcda5560316,RT1619,DNR - MPS - Gunpowder State Park,Gunpowder Falls Stacked Loop,,2016,26426,Closeout,,District 4,Baltimore,,7,3/9/2021 5:00:00 AM,Non-motorized,Hike/Bike,New Trail with Structure,3,Land,,,,,,,,Yes,,,,New Trail,,,,1475371.6459425,660405.723853517
129,46b4a268-8cdd-41f4-93b4-71c628f2da07,RT1741,DNR - MFS - Savage River State Forest,Big Savage River Hiking Trail Restoration,,2017,40000,Closeout,,District 6,Garrett,Maintenance and Restoration of the 17-mile Big Savage River Hiking Trail,01A,1/23/2023 5:00:00 AM,Non-motorized,Hike/Bike/Horse,Maintenance,3,Land,No,No,4/10/2017 4:00:00 AM,12/13/2022 5:00:00 AM,3/22/2017 4:00:00 AM,,11/16/2022 5:00:00 AM,Yes,Imagery,,,Maintenance and Restoration,,Yes,,713559.338388826,675521.068767988
130,ee20df12-0523-423c-946a-f115ed69751d,RT2301,Adkins Arboretum,Nestled in Nature,Adkins Arboretum,2023,46048,NEPA,,District 2,Caroline,Construction of a viewing area and maintenance of five miles of trails and trail amenities at Adkins Arboretum in Caroline County.,37B,,Non-motorized,Hike only,New Trail with Structure,0,Land,Yes,,11/30/2022 5:00:00 AM,,,,,Yes,GPS,,,Trail Amenities and Signage,,,,1615276.73813427,471354.542185186
131,2b735d51-1de3-437f-bb4e-0371887acc2b,RT1743,DNR - MFS - Chesapeake Forest Lands,Seth Demonstration Forest Trail Enhancements,,2017,18000,Closeout,,District 2,Talbot,"Enhance the existing Seth Demonstration Forest Trail by updating the trail head signs, installing trail side markers with QRL codes and clearing encroaching brush.",37B,2/21/2023 5:00:00 AM,Non-motorized,Hike/Bike,Maintenance,3,Land,,,4/10/2017 4:00:00 AM,12/31/2022 5:00:00 AM,3/10/2017 5:00:00 AM,,11/29/2022 5:00:00 AM,Yes,GPS,,,Maintenance and Restoration,,,,1587988.27548561,395352.435477979
132,24c090b2-ee0e-45d1-92fb-16817c8f09ef,RT2316,DNR - MFS - Green Ridge State Forest,Western Region State Forest Trail Maintenance,,2023,140000,Closeout,,District 6,Allegany,Perform general trail maintenance on 94 miles of non-motorized trails across the western region State Forests in Allegany and Garrett Counties.,01C,1/4/2024 5:00:00 AM,Diverse,Hike/Bike/Snowshoe/X-Country Ski,Maintenance,2,Land,No,No,12/16/2022 5:00:00 AM,,,,10/12/2023 4:00:00 AM,Yes,GPS,,,Maintenance and Restoration,AZ325B51,Yes,4/14/2023 4:00:00 AM,891086.597781802,730677.70162961
133,c4c75924-599a-4116-9e7b-087f6c87aef1,RT2313,Kent County,ADA Accessibility to Betterton Beach,,2023,6625,Closeout,,District 2,Kent,"Purchase and installation of a 5 foot wide,150 foot long Mobi-Mat to provide ADA access to the Betterton Beach Waterfront in Kent County.",36,11/6/2023 5:00:00 AM,Non-motorized,Hike only,Amenities,4,Land,No,No,1/25/2023 5:00:00 AM,,,,,Yes,GPS,,,Trail Amenities and Signage,KE114B11,Yes,,1576966.94686427,622052.972990723
134,3d28a6b3-424d-44f8-9448-4f9b31a68599,RT2304,Audubon Naturalist Society,Interpretive Signage and Orientation Center,,2023,26264,Closeout,,District 3,Montgomery,Fabrication and installation of bilingual interpretive signage and orientation centers at trailheads of Nature for All trail at Woodend Sanctuary in Montgomery County.,18,4/24/2024 4:00:00 AM,Non-motorized,Hike only,Kiosks and/or Signage,5,Land,No,,,,,,3/15/2024 4:00:00 AM,Yes,,,,Trail Amenities and Signage,AZ321B51,Yes,,1292870.76368327,486791.959612676
135,86e5d1dc-59dd-4038-bc6a-2c7d6c87312b,RT2310,Historic St. Mary's City,Assessment of Trails,,2023,80000,Procurement,,District 5,St. Mary's,Assess 3.5 miles of highly utilized trails and trail infrastructure in St. Mary’s County to inform engineering and design for trail improvements and to bring trails into compliance with US Forest Service trail accessibility guidelines.,29B,,Non-motorized,Hike only,Assessment,3,Land,,,,,,,,Yes,,,,Other,AZ322B11,Yes,,1473524.8948136,184162.849570962
136,30d140df-988b-49f3-b586-e00694e8a0d3,RT2317,DNR - MPS - Rocky Gap State Park,Bear Ridge Trail,Rocky Gap SP,2023,277800,Procurement,,District 6,Allegany,"Construction of a new non-motorized, multi-use 4.5-mile trail from the Touch of Nature trailhead at Rocky Gap State Park. This trail will be constructed to allow for use of adaptive bicycles.",01C,,Non-motorized,Hike/Bike,New Trail with Structure,4,Land,Yes,Yes,3/22/2023 4:00:00 AM,,2/17/2023 5:00:00 AM,4/5/2023 4:00:00 AM,,Yes,GPS,,,New Trail,AL559B51,Yes,5/18/2023 4:00:00 AM,844038.033638164,743418.549087164
137,e229047d-2545-41ef-9a21-b8819a601416,RT2308,Friends of Patapsco Valley State Park,Adaptive Trails at Patapsco Valley State Park,McKeldin Area,2023,62500,Procurement,,District 7,Carroll,"The funds will be used to construct trails, and make trail improvements to make the trail system in the McKeldin Area appropriate for use of adaptive bicycles.",05,,Non-motorized,Hike/Bike,New Trail,4,Land,No,No,12/16/2022 5:00:00 AM,,2/15/2023 5:00:00 AM,3/7/2023 5:00:00 AM,,Yes,GPS,,,New Trail,AZ267B51,Yes,,1343255.97804311,616187.178451551
138,e77b9511-89a7-4889-9f41-30a632e1f39b,RT2302,Allegany County Department of Public Works,Borden Tunnel Lining Restoration,,2023,3623796,,,District 6,Allegany,Resurfacing and repairing the exterior end walls and interior surface of the 955-foot-long Borden Tunnel on the Great Allegheny Passage Rail Trail using pneumatically applied mortar.,1B,,Non-motorized,Hike/Bike/Horse,Maintenance,4,Land,,,,,,,,Yes,,,,Maintenance and Restoration,,,,772055.25946406,741763.743962497
139,5c8de730-cb96-4dbe-826d-d1ec5cc60da6,RT2312,Maryland Department of Transportation Port Administration,Swan Creek Nature Trail,,2023,95825,Construction,,District 5,Anne Arundel,Constructing 630 feet of new trail as part of the Swan Creek Community Trail,31B,,Non-motorized,Hike only,New Trail,3,Land,,,,,,,,Yes,,,,New Trail,,,,1443421.59815614,557410.443453098
140,33cc5cec-16a5-4a0a-b826-f9286b4425bb,RT2315,DNR - EC,Torrey C. Brown Trail Bridge Restoration,,2023,2000000,Maintenance,,District 4,Baltimore,"Rehabilitating critical structures, including bridges 4, 8, 18,19, and 20 of the 37 bridges on the Torrey C Brown Trail.",42B,,Non-motorized,Hike/Bike/Horse,Maintenance,4,Land,,,,,,,,Yes,,,,Maintenance and Restoration,,,,1417787.64130239,671024.014864106
142,3744d76a-f531-4fb4-8755-134aecd06b27,RT2309,"H & F Trolley Trail Association, Inc.",H&F Trolley Trail Extension - South Phase 2,,2023,109472,Procurement / Construction,,District 7,Frederick,Acquiring permanent easements and constructing new stone dust trail from Thurmont to Blue Mountain Road,04,,Non-motorized,Hike/Bike/Horse,New Trail,1,Land,,,,,,,,Yes,,,,New Trail,,,,1196279.3044835,707315.8090394
143,f17fa53c-9728-4449-bf87-d1028fc74492,RT2306,City of Frederick,Hill Street Park Revitalization,,2023,150000,Construction,,District 7,Frederick,"Constructing a 100-by-100-foot paved surface pump track with several lanes of various widths, landscaping, and park amenities",3A,,Non-motorized,,Amenities,0,Land,,,,,,,,Yes,,,,Other,,,,1185499.12536893,636152.343868478
144,5309d85b-fde2-4e6e-81cb-6105480689b9,RT2303,Anacostia Trails Heritage Area,Dueling Creek Trail Extension,,2023,165000,Construction,,District 3,Prince George's,Constructing 0.6 miles of new trail along Dueling Creek from Bladensburg Road to the Anacostia River Trail at Bladensburg Waterfront Park,47A,,Non-motorized,Hike/Bike,New Trail,1,Land,,,,,,,,Yes,,,,New Trail,,,,1326036.01729387,461246.723930276
145,df262636-28d5-4911-b9d7-f78824d02025,RT2315,DNR - EC,Somers Cove Marina Reconstruction,,2023,5950000,Maintenance,,District 1,Somerset,"Replacing the boat ramp, pier B, and pier E as well ADA accessibility improvements to multiple piers and slips at Somers Cove Marina",38A,,Diverse,,Maintenance,0,Water,,,,,,,,Yes,,,,Maintenance and Restoration,,Yes,,1640989.59345287,114498.988737344
146,1cbe94ff-5224-4d18-82b2-3ef8602c93c3,RT2318,DNR - MPS - Pocomoke River State Park,Milburn Landing Water Access Improvements,,2023,43888,Construction,,District 1,Worcester,Replacing an 80foot-by-20-foot floating dock and 4-foot-by-20-foot gangway with a new floating dock and accessible soft launch at Pocomoke River State Park - Milburn Landing. Funds will also be used to improve the pathway from the parking area to the improved water access and existing park features.,38A,,Non-motorized,,Maintenance,0,Water,,,,,,,,Yes,,,,Maintenance and Restoration,,Yes,,1746865.38768412,170339.97188525
147,551e96cc-601b-4973-b41f-4a7890f4407a,RT2412,DNR - MFS - Western Region State Forest,Western Region Multi-year Maintenance Program,,2024,420000,Maintenance,,District 6,Allegany,"To deploy a three-year trail maintenance program on non-motorized trails in the Western Region State Forests (Green Ridge, Savage River, Potomac Garrett). This program would involve partnering with the Appalachian Conservation Corps",1C,,Diverse,,Maintenance,0,Land,,,,,,,,Yes,,,,Maintenance and Restoration,,Yes,,900801.652040003,744254.668834102
148,4e18f0aa-f0df-4bb4-bcc1-d354ef27e4d9,RT2402,Irvine Nature Center,"Trail Maintenance, Safety, and Accessibility",,2024,70000,Maintenance,,District 4,Baltimore,"To hire a four-person trail crew for 12 weeks. The crew will construct a new 1/2 mile trail, perform maintenance on existing trails, and install new signage",11A,,Non-motorized,Hike only,Maintenance,0,Land,,,,,,,,Yes,,,,Maintenance and Restoration,,Yes,,1379465.85503695,643454.242200093
149,53606502-e9b0-40e4-9d30-2d05cbd2dbad,RT2404,NeighborSpace of Baltimore County,Bear Creek Heritage Trail,,2024,275880,Construction,,District 4,Baltimore,"To construct the third phase of the Bear Creek Heritage Trail in Dundalk, a 650-foot-long, 8-foot-wide asphalt surface trail",6,,Non-motorized,Hike/Bike,New Trail,1,Land,,,,,,,,Yes,,,,New Trail,,Yes,,1457996.69917054,586672.818073207
150,78a5692c-680a-432e-ae0e-c3b1f7965aad,RT2409,Friends of Patapsco Valley State Park,Woodstock/Old Court Trail System,,2024,243000,Construction,,District 4,Baltimore,"To construct 5 miles of natural surface adaptive mountain bike trail system at Patapsco Valley State Park, to also include 5 kiosks, 2 bridges, and on-trail wayfinding signage",10,,Non-motorized,Hike/Bike/Horse,New Trail with Structure,3,Land,,,,,,,,Yes,,,,New Trail,,Yes,,1347205.9588096,615102.286193908
151,fe842edd-4f3a-47c0-a4de-374c32fc14a7,RT2413,DNR - MPS - Patapsco Valley State Park,Trail Maintenance Crew 2024,,2024,57600,Maintenance,,District 4,Baltimore,"To hire a trail crew to perform routine, preventative, and proactive maintenance at Patapsco Valley State Park",09A,,Non-motorized,Hike/Bike/Horse,Maintenance,,Land,,,,,,,,Yes,,,,Maintenance and Restoration,,Yes,,1346951.10703783,610365.287766473
152,2d4cb672-8892-4c76-b030-56bbc6953904,RT2406,City of Westminster,Wakefield Valley Park Trail Development - Phase I,,2024,2000000,Construction,,District 7,Carroll,"To rebuild, reroute, or significantly improve over 5 miles of 10-foot wide, paved trail surface at Wakefield Valley Park",05,,Non-motorized,Hike/Bike,Maintenance,1,Land,,,,,,,,Yes,,,,Maintenance and Restoration,,Yes,,1303017.53688055,693627.467134393
153,b50a8017-4c2f-4e17-95c4-d3aab90775de,RT2401,"Charles County Recreation, Parks & Tourism",Pope's Creek Rail Trail Public Pedestrian Path,,2024,1779280,Construction,,District 5,Charles,To construct Phase I of the Pope's Creek Trail,28,,Non-motorized,Hike only,New Trail with Structure,1,Land,,,,,,,,Yes,,,,New Trail,,Yes,,1320413.91080717,277850.604187368
154,faf28974-547b-4ab4-b6eb-6c91fe5dc5f4,RT2405,Garrett County Planning & Land Management,Bloomington Community Park,,2024,25000,Construction,,District 6,Garrett,To pave the existing gravel path to make the trail more ADA-accessible,1A,,Non-motorized,Hike/Bike,Maintenance,1,Land,,,,,,,,Yes,,,,Maintenance and Restoration,,Yes,,727208.429327126,665306.902468708
155,d19438dc-6d61-4ac4-bee6-125a4ede7ff9,RT2407,Town of Oakland,Broadford Park Trail System,,2024,40000,Construction,,District 6,Garrett,To construct a new 700-foot rock-armored trail to provide the upper end in skill progression with a rocky and technical single-track for this progressive trail system,1A,,Non-motorized,Hike/Bike,New Trail,5,Land,,,,,,,,Yes,,,,New Trail,,Yes,,641239.160706003,643388.492127744
156,304094bc-163a-4648-a8fd-d07fcb2dffed,RT2408,Mid-Atlantic Off Road Enthusiasts,Northwest Branch Boardwalk Project,,2024,45000,Construction,,District 3,Montgomery,To install boardwalk through the areas that continually too wet to maintain a useable trail in the northernmost section of the 12-mile-long Northwest Branch Trail,14,,Non-motorized,Hike/Bike/Horse,Maintenance,2,Land,,,,,,,,Yes,,,,Maintenance and Restoration,,Yes,,1304375.52848422,519916.019945338
157,6f7cfd8d-991e-4124-9512-a9a7be69cb89,RT2403,City of College Park,Rhode Island Avenue Trolley Trail,,2024,48351,Construction,,District 3,Prince George's,"To perform intersection improvements, including ADA curb ramp retrofits and crosswalk improvements, patching, and signage and striping upgrades on the Rhode Island Avenue Trolley Trail",21,,Diverse,,Maintenance,1,Land,,,,,,,,Yes,,,,Maintenance and Restoration,,Yes,,1333465.61112411,484882.272491645
